,Company Ticker
0,AAPL
1,MSFT
2,2222.SR
3,GOOG
4,AMZN
5,BRK-B
6,TSLA
7,NVDA
8,TSM
9,TCEHY
10,V
11,XOM
12,META
13,UNH
14,MC.PA
15,JNJ
16,JPM
17,WMT
18,MA
19,005930.KS
20,600519.SS
21,CVX
22,LLY
23,PG
24,NESN.SW
25,HD
26,NVO
27,BABA
28,BAC
29,MRK
30,ASML
31,ABBV
32,KO
33,ROG.SW
34,AVGO
35,PFE
36,IHC.AE
37,PEP
38,ORCL
39,TMO
40,OR.PA
41,COST
42,1398.HK
43,AZN
44,SHEL
45,DIS
46,TM
47,RMS.PA
48,RELIANCE.NS
49,CSCO
50,MCD
51,NKE
52,ABT
53,DHR
54,NVS
55,WFC
56,ACN
57,TMUS
58,CRM
59,ADBE
60,BHP
61,VZ
62,300750.SZ
63,MS
64,601939.SS
65,PRX.AS
66,LIN
67,NFLX
68,UPS
69,CMCSA
70,TCS.NS
71,TXN
72,0941.HK
73,PM
74,CDI.PA
75,TTE
76,BMY
77,601288.SS
78,HSBC
79,SCHW
80,NEE
81,QCOM
82,3968.HK
83,RTX
84,RY
85,SAP
86,601857.SS
87,601318.SS
88,T
89,COP
90,AMD
91,HON
92,AXP
93,601988.SS
94,1299.HK
95,CBA.AX
96,SIE.DE
97,CAT
98,AMGN
99,BA
100,UL
101,LOW
102,TD
103,HDB
104,UNP
105,GS
106,SBUX
107,3690.HK
108,DE
109,RIO
110,SNY
111,000858.SZ
112,LMT
113,IBM
114,601628.SS
115,BP
116,PDD
117,SPGI
118,CVS
119,PLD
120,INTU
121,BUD
122,ELV
123,INTC
124,6861.T
125,P911.DE
126,002594.SZ
127,SONY
128,MDT
129,DTE.DE
130,BLK
131,GILD
132,373220.KS
133,CSL.AX
134,AMT
135,AIR.PA
136,SYK
137,NPPXF
138,EQNR
139,JD
140,AMAT
141,DEO
142,ALV.DE
143,C
144,IDEXY
145,TAQA.AE
146,BKNG
147,NOW
148,TJX
149,SU.PA
150,ADP
151,ADI
152,EL
153,PYPL
154,CB
155,GE
156,MUFG
157,MDLZ
158,CFR.SW
159,MRK.DE
160,CI
161,BNP.PA
162,ISRG
163,MMC
164,MBG.DE
165,EL.PA
166,AI.PA
167,MO
168,1120.SR
169,BTI
170,VOW3.DE
171,REGN
172,INFY
173,GLCNF
174,PGR
175,ENB
176,601088.SS
177,TGT
178,CNI
179,VALE
180,KER.PA
181,600028.SS
182,SLB
183,DUK
184,ZTS
185,VRTX
186,HINDUNILVR.NS
187,EOG
188,USB
189,GSK
190,FISV
191,2010.SR
192,ABNB
193,CS.PA
194,CP
195,BBCA.JK
196,HCA
197,0883.HK
198,600900.SS
199,IBN
200,ITW
201,PBR
202,SO
203,UBER
204,BMO
205,BMW.DE
206,IBE.MC
207,NAB.AX
208,D05.SI
209,BDX
210,LRCX
211,NOC
212,ZURN.SW
213,EQIX
214,BSX
215,UBS
216,9984.T
217,9433.T
218,ETN
219,BX
220,WMMVF
221,CME
222,MU
223,CNQ
224,CSX
225,DG.PA
226,ALPHADHABI.AE
227,AON
228,BNS
229,KKR
230,9983.T
231,SHL.DE
232,APD
233,PNC
234,TFC
235,9633.HK
236,BAYZF
237,0728.HK
238,MRNA
239,601888.SS
240,SHOP
241,4568.T
242,SAN
243,GD
244,ABB
245,601658.SS
246,WM
247,MMM
248,HUM
249,AMX
250,FCX
251,SAF.PA
252,CCI
253,IVS.F
254,CL
255,4063.T
256,EAND.AE
257,SBIN.NS
258,CHTR
259,HDFC.NS
260,ICE
261,SHW
262,NTES
263,300760.SZ
264,ENEL.MI
265,SMFG
266,ATVI
267,OEWA.F
268,WBC.AX
269,GM
270,HEIA.AS
271,SCCO
272,MELI
273,OXY
274,ATCO-B.ST
275,1180.SR
276,ITC.NS
277,BHARTIARTL.NS
278,MCO
279,EPD
280,KLAC
281,8035.T
282,0388.HK
283,6098.T
284,RELX
285,SNPS
286,MAR
287,TRI
288,AAL.L
289,4661.T
290,DPW.DE
291,MET
292,MPC
293,NSC
294,ANZ.AX
295,DSY.PA
296,STLA
297,603288.SS
298,000333.SZ
299,F
300,MNST
301,OMZZP.ME
302,RI.PA
303,601166.SS
304,BIDU
305,002415.SZ
306,FDX
307,PXD
308,PSA
309,000660.KS
310,LS4C.F
311,601012.SS
312,SNOW
313,8058.T
314,MQG.AX
315,6367.T
316,ISP.MI
317,IFX.DE
318,BAS.DE
319,E
320,DG
321,6501.T
322,VLO
323,ORLY
324,CDNS
325,ING
326,HLAG.DE
327,601328.SS
328,VMW
329,PANW
330,RKT.L
331,EDF.PA
332,TAK
333,MUV2.DE
334,MCK
335,EMR
336,KDP
337,NXPI
338,WDAY
339,RACE
340,ADSK
341,FMG.AX
342,7010.SR
343,HSY
344,KHC
345,8031.T
346,BAJFINANCE.NS
347,D
348,BBRI.JK
349,SRE
350,WDS
351,APH
352,EW
353,LICI.NS
354,7974.T
355,ITUB
356,RAA.F
357,PSX
358,207940.KS
359,AZO
360,8001.T
361,SPG
362,MCHP
363,UMG.AS
364,2317.TW
365,NGG
366,ATD.TO
367,600309.SS
368,ADYEN.AS
369,1211.SR
370,SQ
371,AEP
372,ROP
373,AIG
374,FTNT
375,PH
376,A
377,4519.T
378,SU
379,CTVA
380,600030.SS
381,O39.SI
382,CTAS
383,JCI
384,MSCI
385,CMG
386,STM
387,GIS
388,ADM
389,COF
390,601899.SS
391,LONN.SW
392,LVS
393,NDA-FI.HE
394,FIS
395,300059.SZ
396,TEAM
397,BBVA
398,O
399,XIACF
400,HES
401,LYG
402,KOTAKBANK.NS
403,KMB
404,PUK
405,TRV
406,MSI
407,SIKA.SW
408,AFL
409,IQV
410,6902.T
411,VOLVF
412,002352.SZ
413,BYAN.JK
414,DXCM
415,ANET
416,STZ
417,TT
418,TEL
419,8766.T
420,BK
421,HMC
422,DOW
423,CM
424,0016.HK
425,600276.SS
426,ECL
427,FAB.AE
428,NUE
429,BIIB
430,BCE
431,NTR
432,TRP
433,APO
434,PAYX
435,AJG
436,000001.SZ
437,HLT
438,TDG
439,DSV.VI
440,051910.KS
441,KMI
442,3382.T
443,002714.SZ
444,IDXX
445,NPSNY
446,1876.HK
447,MFG
448,BSBR
449,LHX
450,UCG.MI
451,MAERSK-B.CO
452,AS7.F
453,EXC
454,2359.HK
455,CPG.L
456,RSG
457,ROST
458,LULU
459,DOGEF
460,DVN
461,CNC
462,ET
463,2454.TW
464,WES.AX
465,ODFL
466,006405.KS
467,NESTE.HE
468,7741.T
469,ABEV
470,SYY
471,002304.SZ
472,U11.SI
473,MRVL
474,ACA.PA
475,HCLTECH.NS
476,WMB
477,PCAR
478,NEM
479,SE
480,PRU
481,CSU.TO
482,CARR
483,J36.SI
484,HLN
485,CVE
486,6981.T
487,LT.NS
488,YUM
489,XEL
490,LNG
491,AMP
492,ON
493,BCS
494,ALC
495,NWG
496,MFC
497,HOLN.SW
498,2914.T
499,1024.HK
500,IBKR
501,2388.HK
502,600690.SS
503,VICI
504,WXXWY
505,GFS
506,MBLY
507,ALL
508,BN.PA
509,601601.SS
510,WELL
511,EXPGF
512,CRH
513,CMI
514,DD
515,300015.SZ
516,MPLX
517,ENGI.PA
518,WBD
519,CAP.PA
520,002475.SZ
521,WCN
522,OTIS
523,GMBXF
524,MTD
525,BNTX
526,HAL
527,601668.SS
528,6273.T
529,0267.HK
530,CTSH
531,6954.T
532,7182.T
533,DB1.DE
534,DHI
535,GWW
536,ASIANPAINT.NS
537,AME
538,0066.HK
539,TLS.AX
540,ROK
541,DLTR
542,CPRT
543,CABK.MC
544,KBCSF
545,PCG
546,MARUTI.NS
547,DLR
548,AXISBANK.BO
549,601633.SS
550,BKR
551,KEYS
552,601998.SS
553,STT
554,LYB
555,HYMTF
556,6594.T
557,AOT.BK
558,ED
559,VWSB.F
560,600000.SS
561,KNIN.SW
562,RMD
563,SCMN.SW
564,Z74.SI
565,BMRI.JK
566,KR
567,BSP.F
568,APTV
569,GOLD
570,HXGBF
571,ABC
572,ALB
573,WEGE3.SA
574,SBAC
575,URI
576,6178.T
577,G.MI
578,002142.SZ
579,ADS.DE
580,BF-A
581,WBA
582,CSGP
583,ILMN
584,0011.HK
585,EA
586,DFS
587,WOW.AX
588,0LC.F
589,0027.HK
590,SGO.PA
591,OKE
592,IMO
593,PPG
594,GPN
595,QSR
596,TCL.AX
597,DELL
598,600887.SS
599,VOD
600,601319.SS
601,SRT.DE
602,HEN3.DE
603,SLF
604,FAST
605,FERG
606,SUNPHARMA.NS
607,PEG
608,SREN.SW
609,DNB.OL
610,AD.AS
611,EQT.ST
612,RWE.DE
613,AMS.MC
614,FMX
615,HPQ
616,1339.HK
617,GIVN.SW
618,CHT
619,NDAQ
620,300124.SZ
621,TU
622,000651.SZ
623,2202.HK
624,GLW
625,WEC
626,LEN
627,CLNX.MC
628,DTG.F
629,ARE
630,ENPH
631,PTT-R.BK
632,L.TO
633,0688.HK
634,EOAN.DE
635,BBD
636,601138.SS
637,CPNG
638,035420.KS
639,HO.PA
640,DMART.NS
641,WOSB.F
642,IT
643,ASAZF
644,CBRE
645,CEG
646,VRSK
647,CDW
648,KNEBV.HE
649,BAJAJFINSV.NS
650,PPBA.F
651,6702.T
652,ORAN
653,EVO.ST
654,NTGY.MC
655,ES
656,4503.T
657,BEI.DE
658,STAN.L
659,AWK
660,ADANIENT.NS
661,VEEV
662,ZBH
663,TITAN.NS
664,WIT
665,SAMPO.HE
666,MTB
667,MKN2.F
668,SAND.ST
669,CRWD
670,ULTA
671,ALNY
672,DDOG
673,BGNE
674,EBAY
675,TROW
676,SQM
677,GMAB
678,6505.TW
679,NOK
680,PGHN.SW
681,FNV
682,YUMC
683,600104.SS
684,601066.SS
685,WTW
686,GMG.AX
687,TSCO
688,FANG
689,5108.T
690,NA.TO
691,ULTRACEMCO.NS
692,FITB
693,DB
694,LISP.SW
695,IFC.TO
696,EFX
697,CQP
698,5110.SR
699,CBHD.F
700,AVB
701,EQR
702,EBK.DE
703,SGEN
704,CCEP
705,EIX
706,6618.HK
707,2308.TW
708,FRC
709,035720.KS
710,DAL
711,GWO.TO
712,LR.PA
713,TIB1.F
714,HZNP
715,SEB-A.ST
716,ALGN
717,WY
718,LI
719,ARES
720,VMC
721,RCI
722,TLK
723,601919.SS
724,0291.HK
725,6503.T
726,BEKE
727,TTD
728,MT
729,HRL
730,0001.HK
731,7733.T
732,2881.TW
733,TCOM
734,UDR
735,FTV
736,HIG
737,DASH
738,MPWR
739,RJF
740,GPC
741,4689.T
742,ACGL
743,8750.T
744,ANSS
745,MLYBY
746,GFNORTEO.MX
747,AEM
748,VNA.DE
749,9022.T
750,HNR1.DE
751,002460.SZ
752,8113.T
753,8002.T
754,SPOT
755,1113.HK
756,AENA.MC
757,ML.PA
758,IFF
759,EXR
760,000270.KS
761,000725.SZ
762,EPI-A.ST
763,CEZ.PR
764,9613.T
765,ITBA.F
766,DSM.AS
767,6301.T
768,K
769,SCT.F
770,IR
771,GLE.PA
772,SCHN.SW
773,8053.T
774,ONGC.NS
775,ZTO
776,NU
777,601818.SS
778,NESTLEIND.NS
779,600009.SS
780,FE
781,CAJ
782,ZM
783,NIBE-B.ST
784,BZLA.F
785,VRSN
786,HBAN
787,REP.MC
788,GIB
789,SWED-A.ST
790,RF
791,STMN.SW
792,MLM
793,RBLX
794,PFG
795,ETR
796,601111.SS
797,PWR
798,0762.HK
799,EC
800,RYAAY
801,TEF
802,FER.MC
803,DTE
804,FSR.JO
805,AEE
806,4543.T
807,TECK
808,BOROUGE.AE
809,LH
810,TSN
811,600188.SS
812,CNHI
813,DOV
814,JSWSTEEL.NS
815,1010.SR
816,VIE.PA
817,600016.SS
818,1766.HK
819,AHCHF
820,STLD
821,BIMBOA.MX
822,TSCDF
823,CFG
824,4612.T
825,EPAM
826,M&M.NS
827,PPL
828,IX
829,HM-B.ST
830,LUV
831,688599.SS
832,CBGA.F
833,HOLX
834,1929.HK
835,600031.SS
836,ELE.MC
837,6752.T
838,LCID
839,ARGX
840,UMC
841,DIDIY
842,ANTO.L
843,HPE
844,BAX
845,JBHT
846,2882.TW
847,HEI
848,NTRS
849,EDPR.LS
850,PAYC
851,4901.T
852,BMRN
853,SHB-A.ST
854,3659.T
855,BPAC3.SA
856,CAH
857,VTR
858,MAA
859,TDY
860,0788.HK
861,UPM.HE
862,4911.T
863,ERIC
864,ATL.MI
865,WAT
866,INVH
867,SUI
868,CHD
869,EDP.F
870,WST
871,PUB.PA
872,PODD
873,9020.T
874,CINF
875,0390.HK
876,MKC
877,PTTEP.BK
878,0960.HK
879,TS
880,ZS
881,WPM
882,AKRBP.OL
883,ATGL.NS
884,NTPC.NS
885,CHWY
886,ICLR
887,NET
888,III.L
889,STE
890,TTM
891,1303.TW
892,6723.T
893,SWKS
894,CTRA
895,LPLA
896,2319.HK
897,GEBN.SW
898,068270.KS
899,FTS
900,XYL
901,BZ
902,5401.T
903,PBA
904,OMC
905,VTWR.DE
906,PAH3.DE
907,1301.TW
908,BBY
909,RCL
910,LGEN.L
911,FOX
912,EYX.F
913,TTWO
914,SIVB
915,0002.HK
916,WAB
917,6201.T
918,F34.SI
919,SIRI
920,2413.T
921,CLX
922,MGA
923,LYV
924,ABF.L
925,0003.HK
926,GRMN
927,000063.SZ
928,CPALL.BK
929,ELP
930,EXPE
931,PKX
932,OWL
933,POWERGRID.NS
934,KEY
935,IEP
936,6971.T
937,MKL
938,ESSITY-B.ST
939,6326.T
940,WRB
941,WN.TO
942,INCY
943,WMG
944,ADVANC.BK
945,DANS.VI
946,RKT
947,SGSN.SW
948,4452.T
949,CNP
950,DRI
951,000625.SZ
952,8801.T
953,0012.HK
954,601800.SS
955,1913.HK
956,7269.T
957,SLHN.SW
958,EXPD
959,BEP
960,206G.F
961,601211.SS
962,SBK.JO
963,POW.TO
964,FRE.DE
965,EMSN.SW
966,1060.SR
967,NIO
968,SPLK
969,MOH
970,SRG.MI
971,CMS
972,8725.T
973,FSLR
974,ROL
975,HUBS
976,ZNH
977,SNAP
978,1997.HK
979,4578.T
980,ASM.AS
981,ETSY
982,UHR.SW
983,BALL
984,PKI
985,PKN.WA
986,600600.SS
987,8802.T
988,ABMD
989,RIVN
990,8267.T
991,ADANITRANS.NS
992,BR
993,CAG
994,0823.HK
995,AES
996,FICO
997,001979.SZ
998,CF
999,MOS
1000,HINDZINC.NS
1001,TEP.PA
1002,600999.SS
1003,DOL.TO
1004,MGM
1005,PINS
1006,2802.T
1007,TW
1008,UI
1009,IEX
1010,WPC
1011,TRGP
1012,FWONK
1013,4523.T
1014,KRZ.IR
1015,2502.T
1016,TER
1017,RPRX
1018,HWM
1019,TATASTEEL.NS
1020,KB
1021,ITSA3.SA
1022,AMCR
1023,ALL.AX
1024,COL.AX
1025,SWMA.ST
1026,NHY.OL
1027,COO
1028,7309.T
1029,MRO
1030,SEDG
1031,PLTR
1032,MONC.MI
1033,BRO
1034,ADCB.AE
1035,FFH.TO
1036,EBO.F
1037,ATO
1038,HTHT
1039,ZBRA
1040,FDS
1041,OMV.F
1042,600919.SS
1043,UAL
1044,UCB.VI
1045,COALINDIA.NS
1046,FMC
1047,BOP.F
1048,NVR
1049,AVTR
1050,BT-A.L
1051,2020.SR
1052,STO.AX
1053,DGX
1054,SHG
1055,TRN.MI
1056,TEL.OL
1057,6920.T
1058,ABN.AS
1059,U
1060,2002A.TW
1061,WSP.TO
1062,CHKP
1063,PTC
1064,NCM.AX
1065,EBR
1066,1972.HK
1067,SYF
1068,SSNC
1069,ASX
1070,ESS
1071,601009.SS
1072,ADP.PA
1073,H.TO
1074,BIP
1075,COIN
1076,MTN.JO
1077,SJM
1078,600011.SS
1079,1150.SR
1080,KOF
1081,ADANIPORTS.NS
1082,0175.HK
1083,CEA
1084,1925.T
1085,J
1086,BEN
1087,TXT
1088,6502.T
1089,CON.DE
1090,IRM
1091,WLK
1092,SOON.SW
1093,AV.L
1094,TOU.TO
1095,RTO
1096,AGR
1097,MDB
1098,012330.KS
1099,5183.KL
1100,8015.T
1101,601238.SS
1102,AER
1103,ASII.JK
1104,003670.KS
1105,2382.HK
1106,VOLCAR-B.ST
1107,ENR.F
1108,CPB
1109,FLT
1110,JDE.F
1111,CCL
1112,LKQ
1113,ERF.PA
1114,S32.AX
1115,ADNOCDIST.AE
1116,601186.SS
1117,7832.T
1118,ADNOCDRILL.AE
1119,PHG
1120,ADANIGREEN.NS
1121,RE
1122,TPL
1123,2886.TW
1124,SJR
1125,SY1.DE
1126,POOL
1127,TRYG.CO
1128,AVY
1129,2338.HK
1130,PIDILITIND.NS
1131,AC.MX
1132,SBILIFE.NS
1133,9843.T
1134,L
1135,TME
1136,BURL
1137,BAM
1138,PST.MI
1139,1605.T
1140,LGLG.F
1141,6869.T
1142,2891.TW
1143,IPG
1144,STX
1145,AMUN.PA
1146,BG
1147,4507.T
1148,PEAK
1149,NZYM.VI
1150,NICE
1151,4684.T
1152,7201.T
1153,DHER.F
1154,6857.T
1155,8630.T
1156,PARA
1157,8421.T
1158,BDOUY
1159,6862.HK
1160,NTAP
1161,AM.PA
1162,VTRS
1163,VEDL.NS
1164,1038.HK
1165,TRMB
1166,PWF-PS.TO
1167,LW
1168,CBK.F
1169,BDMS.BK
1170,ELS
1171,FM.TO
1172,CA.PA
1173,2280.SR
1174,BAER.SW
1175,QBE.AX
1176,IOC.NS
1177,NDSN
1178,FORTUM.HE
1179,EDEN.PA
1180,CRBG
1181,EVRG
1182,SW.PA
1183,4307.T
1184,BRITANNIA.NS
1185,6762.T
1186,0881.HK
1187,AMH
1188,HDFCLIFE.NS
1189,BPYPP
1190,GLPI
1191,1326.TW
1192,ALFA.ST
1193,IP
1194,TYL
1195,GEN
1196,SIEMENS.NS
1197,BIO
1198,AKAM
1199,8309.T
1200,AZPN
1201,LBRDA
1202,ENELAM.SN
1203,601169.SS
1204,KPN.F
1205,8308.T
1206,TBVPF
1207,WDC
1208,BAJAJ-AUTO.NS
1209,LDOS
1210,HST
1211,TRU
1212,CBOE
1213,RS
1214,GRASIM.NS
1215,TPIA.JK
1216,HEI.DE
1217,AKZA.AS
1218,ANE.MC
1219,MKTX
1220,C6L.SI
1221,CPT
1222,SNA
1223,GRAB
1224,FHN
1225,KIM
1226,600588.SS
1227,B3SA3.SA
1228,APA
1229,MTCH
1230,JEM.F
1231,WTC.AX
1232,CSL
1233,MTX.DE
1234,AXON
1235,LNT
1236,RNO.PA
1237,CE
1238,WPP
1239,WLN.PA
1240,CTLT
1241,PKG
1242,BVI.PA
1243,HUBB
1244,DOCU
1245,2503.T
1246,DT
1247,4151.T
1248,CRL
1249,1928.T
1250,TNABY
1251,GDDY
1252,601600.SS
1253,601229.SS
1254,BAH
1255,AFXA.F
1256,ENTG
1257,LHA.DE
1258,7011.T
1259,ZAL.DE
1260,9101.T
1261,RDOR3.SA
1262,CPR.MI
1263,BNZL.L
1264,DPZ
1265,GCTAF
1266,9735.T
1267,SWK
1268,PHM
1269,UHAL
1270,1216.TW
1271,ACM
1272,SGRO.L
1273,ERIE
1274,BIM.PA
1275,VOD.JO
1276,CG
1277,7270.T
1278,EN.PA
1279,MRU.TO
1280,LUMI.TA
1281,UNVR.JK
1282,CCJ
1283,GBLB.VI
1284,PCTY
1285,SCC.BK
1286,OKTA
1287,MULTIPLY.AE
1288,KRX.IR
1289,NN.AS
1290,WYNN
1291,1050.SR
1292,SOLB.VI
1293,CPI.JO
1294,600015.SS
1295,601336.SS
1296,JKHY
1297,IHG
1298,NMR
1299,HINDALCO.NS
1300,5880.TW
1301,TECHM.NS
1302,MAS
1303,SNN
1304,H
1305,TLX.DE
1306,Q0F.SI
1307,VIV
1308,RAND.AS
1309,STEAV.HE
1310,PSNY
1311,MIN.AX
1312,3692.HK
1313,5871.TW
1314,NEXI.MI
1315,0006.HK
1316,CNA
1317,YAR.OL
1318,CHRW
1319,BNR.DE
1320,CS
1321,600547.SS
1322,CRDA.L
1323,AVV.L
1324,TECH
1325,NWS
1326,REXR
1327,WTRG
1328,TOST
1329,CDAY
1330,GODREJCP.NS
1331,EXAS
1332,BLDR
1333,AN
1334,EQH
1335,0316.HK
1336,KMX
1337,LSXMB
1338,BBNI.JK
1339,INF.L
1340,INDU-A.ST
1341,GL
1342,LUND-B.ST
1343,TFX
1344,SUZ
1345,DABUR.NS
1346,VIFN.SW
1347,HSIC
1348,GGG
1349,BXB.AX
1350,BSY
1351,ADE.OL
1352,2884.TW
1353,FMCCT
1354,8830.T
1355,AFG
1356,BOL.ST
1357,A5G.IR
1358,WSO
1359,UTHR
1360,6645.T
1361,096775.KS
1362,DOX
1363,FNF
1364,JD.L
1365,CZR
1366,SUN.AX
1367,2207.TW
1368,XEKT.MC
1369,BIRG.IR
1370,REA.AX
1371,BRBY.L
1372,2892.TW
1373,TTC
1374,900945.SS
1375,POLI.TA
1376,RPM
1377,OVV
1378,BARN.SW
1379,6146.T
1380,7532.T
1381,ACI
1382,LSCC
1383,TWLO
1384,QGEN
1385,086790.KS
1386,FBK.MI
1387,BXP
1388,BWA
1389,EQT
1390,FMS
1391,ALO.PA
1392,5713.T
1393,ZI
1394,AEG
1395,TAP
1396,SASA.IS
1397,FIVE
1398,RR.L
1399,INDUSINDBK.NS
1400,0019.HK
1401,VIV.PA
1402,DECK
1403,RYAN
1404,FCNCA
1405,KBX.DE
1406,SAP.TO
1407,1177.HK
1408,SK3.IR
1409,BCH
1410,CHK
1411,ANA.MC
1412,EWBC
1413,5020.T
1414,IVN.TO
1415,2267.T
1416,REG
1417,TFII
1418,1140.SR
1419,TEVA
1420,BAP
1421,EICHERMOT.NS
1422,RENT3.SA
1423,LTI.BO
1424,JBL
1425,MMP
1426,NXT.L
1427,DLF.NS
1428,INW.MI
1429,QRVO
1430,AAL
1431,LAMR
1432,DKS
1433,BANKBARODA.NS
1434,1023.KL
1435,GFL
1436,4528.T
1437,SCI
1438,H78.SI
1439,TPR
1440,PRY.MI
1441,SPX.L
1442,0083.HK
1443,NI
1444,RHM.F
1445,WES
1446,2587.T
1447,BRKR
1448,SRPT
1449,SCG.AX
1450,SCB.BK
1451,WSC
1452,EVK.DE
1453,323410.KS
1454,EMA.TO
1455,SSL
1456,ARCC
1457,0992.HK
1458,LSI
1459,FLEX
1460,HLMA.L
1461,DINO
1462,FND
1463,RHC.AX
1464,2603.TW
1465,PUM.DE
1466,FGR.PA
1467,KBANK.BK
1468,9202.T
1469,ALLE
1470,UHS
1471,BILL
1472,6823.HK
1473,CUBE
1474,ALD.AX
1475,DAR
1476,003550.KS
1477,EMN
1478,RGEN
1479,CCK
1480,1080.SR
1481,CPU.AX
1482,SHREECEM.NS
1483,Z
1484,RRX
1485,CLF
1486,BBWI
1487,9143.T
1488,WCH.F
1489,MTN
1490,JHX
1491,CPN.BK
1492,WOLF
1493,NLY
1494,VBL.NS
1495,6506.T
1496,2880.TW
1497,MORN
1498,CIPLA.NS
1499,6701.T
1500,ARMK
1501,SCA-B.ST
1502,3407.T
1503,VFC
1504,NST.AX
1505,AOS
1506,NBIX
1507,C38U.SI
1508,IMP.JO
1509,BJ
1510,688012.SS
1511,BABWF
1512,JNPR
1513,ICL
1514,AGCO
1515,RGA
1516,LECO
1517,PEN
1518,TPG
1519,CMA
1520,PAG
1521,51C.F
1522,HAL.NS
1523,5802.T
1524,9021.T
1525,2382.TW
1526,LBTYB
1527,COH.AX
1528,SDR.L
1529,DWNI.DE
1530,2801.T
1531,SHL.AX
1532,TELIA.ST
1533,ALLY
1534,OTEX
1535,6988.T
1536,GFI
1537,3008.TW
1538,GZ5.F
1539,SGE.L
1540,032830.KS
1541,HLE.F
1542,ENT.L
1543,RNR
1544,2007.HK
1545,KEP
1546,INDIGO.NS
1547,BKI
1548,ZEN
1549,SNX
1550,GET.PA
1551,FPH.NZ
1552,5819.KL
1553,IMCD.AS
1554,HAVELLS.NS
1555,AGL
1556,IPN.PA
1557,XM
1558,KNX
1559,VACN.SW
1560,ASX.AX
1561,3402.T
1562,RED.MC
1563,7202.T
1564,PKO.WA
1565,WBS
1566,MB.MI
1567,JAZZ
1568,7701.T
1569,LIFCO-B.ST
1570,URW.AS
1571,BN4.SI
1572,BBL.BK
1573,MOCORP.HE
1574,2885.TW
1575,PAC
1576,GJF.OL
1577,PSTG
1578,THYAO.IS
1579,CGNX
1580,ADIB.AE
1581,ALDAR.AE
1582,GGB
1583,LII
1584,RCO.PA
1585,KCHOL.IS
1586,2883.HK
1587,SYM
1588,LOGI
1589,601021.SS
1590,OC
1591,0322.HK
1592,2395.TW
1593,DIVISLAB.NS
1594,G13.SI
1595,9104.T
1596,PNR
1597,MNHVF
1598,2912.TW
1599,NVCR
1600,0101.HK
1601,PFGC
1602,FROTO.IS
1603,REC.MI
1604,CAR
1605,FERTIGLB.AE
1606,CHDN
1607,1COV.F
1608,4716.T
1609,ELISA.HE
1610,MNDI.L
1611,STOR
1612,SOF.VI
1613,SIGN.SW
1614,9531.T
1615,NOV
1616,RDY
1617,VST
1618,AAP
1619,GFC.PA
1620,MANH
1621,RHI
1622,YNDX.ME
1623,PLUG
1624,000876.SZ
1625,A17U.SI
1626,BPCL.NS
1627,VIPS
1628,ENX.PA
1629,034730.KS
1630,3045.TW
1631,UU.L
1632,FRT
1633,AC.PA
1634,2016.HK
1635,MEZ.AX
1636,8TRA.DE
1637,AA
1638,9201.T
1639,BSMX
1640,2897.T
1641,SKF-B.ST
1642,009155.KS
1643,ITRK.L
1644,SBICARD.NS
1645,JEF
1646,UMI.VI
1647,HII
1648,COTY
1649,8795.T
1650,1821.HK
1651,FFIV
1652,AMBUJACEM.NS
1653,PAA
1654,SJX.F
1655,C07.SI
1656,XP
1657,0384.HK
1658,STJ.L
1659,7272.T
1660,O2D.DE
1661,WEX
1662,PATH
1663,ORG.AX
1664,MASI
1665,DCP
1666,0ZQ.F
1667,CUERVO.MX
1668,KESKOA.HE
1669,CCH.L
1670,1101.TW
1671,GRFS
1672,BEL.NS
1673,SAGA-B.ST
1674,YPF
1675,G
1676,DBX
1677,010130.KS
1678,BILI
1679,011200.KS
1680,OSH
1681,OTP.BD
1682,4324.T
1683,DNP.WA
1684,3P7.F
1685,CFR
1686,033780.KS
1687,XPEV
1688,AU
1689,SBNY
1690,5201.T
1691,WSM
1692,HOOD
1693,XRO.AX
1694,IVZ
1695,SEIC
1696,MZTF.TA
1697,051905.KS
1698,9503.T
1699,JLL
1700,SGFY
1701,6965.T
1702,ADM.L
1703,HMSP.JK
1704,ADPORTS.AE
1705,CCL-B.TO
1706,WRK
1707,BAJAJHLDNG.NS
1708,CBSH
1709,QAN.AX
1710,LEGN
1711,SWCH
1712,WAL
1713,INDT.ST
1714,TATACONSUM.NS
1715,MIDD
1716,NNN
1717,COLD
1718,4188.T
1719,USFD
1720,ADANIPOWER.NS
1721,4755.T
1722,NFE
1723,YMM
1724,IAG.AX
1725,034020.KS
1726,ALGM
1727,6415.TW
1728,CASY
1729,UNM
1730,ABB.NS
1731,LEA
1732,PNW
1733,FDJ.VI
1734,6963.T
1735,BSAC
1736,AIA.AX
1737,JBSS3.SA
1738,RGLD
1739,SRF.NS
1740,AMRT.JK
1741,9502.T
1742,PCOR
1743,TATAPOWER.NS
1744,UGI
1745,ASR
1746,CHOLAFIN.NS
1747,AR
1748,DLB
1749,MEGACPO.MX
1750,8697.T
1751,SKM
1752,EDNR.MI
1753,ENKAI.IS
1754,G1A.F
1755,OLN
1756,7203.SR
1757,0656.HK
1758,ICBP.JK
1759,FBHS
1760,NRG
1761,ORI
1762,7202.SR
1763,ST
1764,ALV
1765,XRAY
1766,010950.KS
1767,MARICO.NS
1768,CHP-UN.TO
1769,CTC.TO
1770,HAS
1771,AMR.AE
1772,ZION
1773,PSO
1774,0017.HK
1775,6488.TWO
1776,0288.HK
1777,IOT
1778,TTEK
1779,ACS.MC
1780,HR
1781,PSHZF
1782,APOLLOHOSP.NS
1783,RL
1784,GAIL.NS
1785,INSP
1786,ICICIPRULI.NS
1787,PHNX.L
1788,4091.T
1789,MHK
1790,3064.T
1791,1099.HK
1792,SBRY.L
1793,0004.HK
1794,WHR
1795,6033.KL
1796,RADL3.SA
1797,LI.PA
1798,3034.TW
1799,TUPRS.IS
1800,AZRG.TA
1801,ROKU
1802,US.MI
1803,2890.TW
1804,SLM.JO
1805,4280.SR
1806,CNXC
1807,090430.KS
1808,BCVN.SW
1809,ALE.WA
1810,AKE.PA
1811,CX
1812,WTB.L
1813,DCI
1814,7259.T
1815,GOTO.JK
1816,ARW
1817,REH.AX
1818,RRTL.F
1819,SKA-B.ST
1820,OGE
1821,WCC
1822,9005.T
1823,6479.T
1824,WMS
1825,BKW.SW
1826,ADT
1827,BID.JO
1828,6586.T
1829,CIB
1830,ALD.PA
1831,5876.TW
1832,8951.T
1833,LAD
1834,3816.KL
1835,JINDALSTEL.NS
1836,0151.HK
1837,GNRC
1838,OTE.F
1839,NXST
1840,MTZ
1841,BERY
1842,DVA
1843,SHP.JO
1844,MRO.L
1845,NVT
1846,ORKLF
1847,DKNG
1848,WDH1.F
1849,S68.SI
1850,TX
1851,OGN
1852,002555.SZ
1853,IGM.TO
1854,BALN.SW
1855,1590.TW
1856,009830.KS
1857,CLVT
1858,ESLT
1859,CELH
1860,036570.KS
1861,5019.T
1862,4904.TW
1863,SAIA
1864,CHE
1865,EGP
1866,ITT
1867,4707.KL
1868,SOL.AX
1869,BDSB.F
1870,ACHC
1871,FNLPF
1872,CFLT
1873,BMED.MI
1874,RH
1875,MDKA.JK
1876,ARX.TO
1877,9042.T
1878,CU.TO
1879,3092.T
1880,SEE
1881,AMKR
1882,2883.TW
1883,CIEN
1884,OCDO.L
1885,FR
1886,MTDR
1887,IQ
1888,PLNT
1889,TWE.AX
1890,CLH
1891,WFG
1892,ORNAV.HE
1893,WF
1894,IRDM
1895,DISH
1896,VOYA
1897,ATR
1898,QNBFB.IS
1899,NCLH
1900,2615.TW
1901,GPK
1902,6383.T
1903,2609.TW
1904,3769.T
1905,EDU
1906,TPX
1907,RXL.PA
1908,LEVI
1909,CROX
1910,MPW
1911,KBR
1912,SBSW
1913,BANB.SW
1914,RBA
1915,2269.T
1916,AWL.NS
1917,4704.T
1918,CAE
1919,SOBI.ST
1920,1157.HK
1921,7020.SR
1922,MEDP
1923,FYBR
1924,KLH.F
1925,DOCS
1926,EMP-A.TO
1927,SF
1928,HOG
1929,MINDTREE.NS
1930,003495.KS
1931,PRIO3.SA
1932,KOG.OL
1933,PB
1934,ASRNL.AS
1935,AIZ
1936,IVL.BK
1937,9697.T
1938,ORDS.AE
1939,NMDC.AE
1940,1548.HK
1941,DOOO
1942,CACI
1943,N2IU.SI
1944,2310.SR
1945,AMP.MI
1946,8601.T
1947,9532.T
1948,EME
1949,DIA.MI
1950,DWS.F
1951,UNITDSPR.BO
1952,PNB.NS
1953,CNA.L
1954,7181.T
1955,GLOB
1956,NATI
1957,BOKF
1958,WH
1959,BAMI.MI
1960,HESM
1961,ALX.AX
1962,259960.KS
1963,ICICIGI.NS
1964,5411.T
1965,SSAB-B.ST
1966,HOLM-B.ST
1967,SKX
1968,OCI.AS
1969,BRX
1970,EVD.F
1971,G07.SI
1972,BERGEPAINT.NS
1973,TXRH
1974,KNSL
1975,EREGL.IS
1976,VMI
1977,MKSI
1978,2357.TW
1979,BYD
1980,BZI.F
1981,CPFE3.SA
1982,KT
1983,ASND
1984,4922.T
1985,DDS
1986,SPSN.SW
1987,SBS
1988,SITE
1989,TIT.MI
1990,RBC
1991,NED.JO
1992,GNTX
1993,LFUS
1994,UWMC
1995,ONON
1996,NTNX
1997,377300.KS
1998,COV.PA
1999,4768.T
2000,OHI
2001,HALO
2002,FUTU
2003,7951.T
2004,PII
2005,BEAN.SW
2006,CR
2007,DXC
2008,NYT
2009,3626.T
2010,KFI1.F
2011,352820.KS
2012,UPL.NS
2013,CHH
2014,OSK
2015,IDBI.NS
2016,MOTHERSON.NS
2017,BKT.MC
2018,HELN.SW
2019,4021.T
2020,WWE
2021,AGNC
2022,CTPNV.AS
2023,024110.KS
2024,NVST
2025,NYCB
2026,7912.T
2027,CANBK.NS
2028,9766.T
2029,BEIJ-B.ST
2030,1878.T
2031,OZL.AX
2032,SWAV
2033,SGP.AX
2034,IAG.TO
2035,HLI
2036,MAT
2037,TIH.TO
2038,LAND.L
2039,ALK
2040,3037.TW
2041,AXTA
2042,9602.T
2043,GETI-B.ST
2044,CW
2045,TOL
2046,LSTR
2047,9064.T
2048,CMC
2049,KRTX
2050,NEM.F
2051,0293.HK
2052,STAG
2053,ASELS.IS
2054,CAR-UN.TO
2055,9435.T
2056,TORNTPHARM.NS
2057,IRCTC.NS
2058,INGR
2059,KGH.WA
2060,KOMB.PR
2061,ADEN.SW
2062,2887.TW
2063,2290.SR
2064,VALMT.HE
2065,ADC
2066,TRQ
2067,OLED
2068,STWD
2069,X
2070,CPRI
2071,DSGX
2072,BOSCHLTD.NS
2073,MUR
2074,CWEN
2075,9107.T
2076,GTLB
2077,SISE.IS
2078,3003.T
2079,IOB.NS
2080,ISDAY
2081,SRTRANSFIN.NS
2082,GXO
2083,MGR.AX
2084,HEROMOTOCO.NS
2085,BLD
2086,HAPV3.SA
2087,SNV
2088,3283.T
2089,GMED
2090,CPIN.JK
2091,VAS.F
2092,NZTCF
2093,TREX
2094,LEG.DE
2095,FSV
2096,BC
2097,ELAN
2098,LU
2099,EDR
2100,FLW1.F
2101,SEK.AX
2102,3038.T
2103,DXS.AX
2104,W
2105,BSL.AX
2106,AMG
2107,EMBRAC-B.ST
2108,VLY
2109,IEL.AX
2110,MAP.MC
2111,NEP
2112,WWD
2113,CACC
2114,RAIL3.SA
2115,9041.T
2116,NPI.TO
2117,TPG.AX
2118,BROS
2119,M44U.SI
2120,PRI
2121,CHX
2122,SMDS.L
2123,TVSMOTOR.NS
2124,2638.HK
2125,CIN.F
2126,PNFP
2127,GWRE
2128,5332.T
2129,2379.TW
2130,4204.T
2131,MNDY
2132,LNW
2133,MDU
2134,THC
2135,LDO.MI
2136,DNB
2137,UNIONBANK.NS
2138,FTI
2139,AQUA
2140,NAUKRI.NS
2141,VVV
2142,VAC
2143,SRC
2144,HUN
2145,WRT1V.HE
2146,QHOLDING.AE
2147,EHC
2148,AZ2.F
2149,TKR
2150,2801.TW
2151,COUP
2152,002007.SZ
2153,AC.TO
2154,NWL
2155,8952.T
2156,UNTR.JK
2157,SIGI
2158,MGY
2159,GPT.AX
2160,HTZ
2161,EMI.SI
2162,TEL2-A.ST
2163,MOL.BD
2164,M
2165,BALD-B.ST
2166,EGIE3.SA
2167,AYI
2168,GME
2169,APP
2170,TIINDIA.NS
2171,1128.HK
2172,SSB
2173,011170.KS
2174,3JDA.F
2175,PIIND.NS
2176,BME.L
2177,YESBANK.NS
2178,PPC
2179,FAF
2180,BESI.AS
2181,COHR
2182,ESTC
2183,2408.TW
2184,MPL.AX
2185,RRC
2186,CYBR
2187,ENLC
2188,RLI
2189,RAW.F
2190,ZYDUSLIFE.NS
2191,VRT
2192,WTS
2193,QUINENCO.SN
2194,SLGN
2195,LODHA.NS
2196,MNG.L
2197,CTEC.L
2198,NSA
2199,HCP
2200,TRENT.NS
2201,REYN
2202,SON
2203,PSN.L
2204,000800.SZ
2205,HXL
2206,VAL
2207,BLCO
2208,4938.TW
2209,LYFT
2210,CGPOWER.NS
2211,ADRO.JK
2212,APLS
2213,7211.T
2214,OFC
2215,SLAB
2216,ROIV
2217,STN
2218,SVW.AX
2219,UFPI
2220,PDCE
2221,BDEV.L
2222,4005.T
2223,4250.SR
2224,TIXT
2225,GF.SW
2226,LYI.F
2227,SWN
2228,LNC
2229,NOVT
2230,CRUS
2231,AIRC
2232,SIM
2233,9684.T
2234,MLCO
2235,IAA
2236,HGTY
2237,SK.PA
2238,SMAR
2239,FLO
2240,RCM
2241,1812.T
2242,KGX.DE
2243,FIVN
2244,HRB
2245,CCCS
2246,CRFB3.SA
2247,3635.T
2248,CWAN
2249,ZOMATO.NS
2250,FALABELLA.SN
2251,GTLS
2252,SAIC
2253,PEO.WA
2254,WEIR.L
2255,MUSA
2256,CLN.SW
2257,EDV.TO
2258,EXEL
2259,EXLS
2260,1402.TW
2261,DCC.L
2262,WTFC
2263,ASH
2264,NE
2265,AALB.AS
2266,TECN.SW
2267,FHZN.SW
2268,QDEL
2269,EQTL3.SA
2270,2327.TW
2271,4739.T
2272,PSPN.SW
2273,CHRD
2274,MCY.AX
2275,CAR.AX
2276,CPF.BK
2277,EFN.TO
2278,AAF.L
2279,C09.SI
2280,3888.HK
2281,MP
2282,IONS
2283,COLM
2284,7276.T
2285,EEFT
2286,INDHOTEL.NS
2287,DKSH.SW
2288,DSY.JO
2289,ATKR
2290,X.TO
2291,AWC.BK
2292,WB
2293,WOR.AX
2294,FCN
2295,OMF
2296,KNBE
2297,BC8.F
2298,3618.HK
2299,INVR.L
2300,LTMAY
2301,PBF
2302,PR
2303,UBSI
2304,CHBAY
2305,CSAN
2306,POLYCAB.NS
2307,PAYTM.NS
2308,KGC
2309,SOFI
2310,TEMN.SW
2311,3462.T
2312,AIT
2313,PGHH.NS
2314,ATE.PA
2315,BALKRISIND.NS
2316,BEZ.L
2317,OZK
2318,3281.T
2319,2588.HK
2320,TKWY.AS
2321,ABBOTINDIA.NS
2322,QBR-B.TO
2323,FSK
2324,CNM
2325,IPGP
2326,FR.PA
2327,AUY
2328,1802.T
2329,UNVR
2330,PHI
2331,CUMMINSIND.NS
2332,MGLU3.SA
2333,BWXT
2334,HGV
2335,CIVI
2336,ASHOKLEY.NS
2337,2633.TW
2338,FRA.DE
2339,AXFO.ST
2340,EBO.NZ
2341,002607.SZ
2342,SIX2.F
2343,FFIN
2344,SO.PA
2345,IGT
2346,HL.L
2347,NYKAA.NS
2348,4967.T
2349,RF.PA
2350,R90.F
2351,YAL.AX
2352,MSA
2353,WU
2354,RIG
2355,AXS
2356,SOI.PA
2357,2702.T
2358,LUN.TO
2359,SCHAEFFLER.NS
2360,7911.T
2361,FOUR
2362,EXPO
2363,INDUSTOWER.NS
2364,POST
2365,NFG
2366,ISCTR.IS
2367,CMIN3.SA
2368,INFA
2369,AUBANK.NS
2370,ALIT
2371,DAVA
2372,OPCH
2373,RYN
2374,TOM.OL
2375,PAGEIND.NS
2376,PIRC.MI
2377,ALA.TO
2378,RXDX
2379,NEWR
2380,GIL
2381,0B2.F
2382,4062.T
2383,BLDA.F
2384,CIG
2385,EXP
2386,STVN
2387,BCI.SN
2388,KEY.TO
2389,BRPT.JK
2390,SNDR
2391,DTM
2392,8046.TW
2393,ONB
2394,FNB
2395,002602.SZ
2396,5347.TWO
2397,JMAT.L
2398,GBCI
2399,LANC
2400,ISDMR.IS
2401,RHP
2402,PVH
2403,2618.TW
2404,REI-UN.TO
2405,TATAELXSI.NS
2406,JYSK.CO
2407,ABG
2408,PTON
2409,7261.T
2410,2350.SR
2411,IDA
2412,9147.T
2413,FPE.F
2414,WIX
2415,DEC.PA
2416,SCHA.OL
2417,HQY
2418,BEPC
2419,ORA
2420,ORCC
2421,REY.MI
2422,HOT.F
2423,TENB
2424,FOXF
2425,APG
2426,CIGI
2427,CC
2428,TXG
2429,MUTHOOTFIN.NS
2430,UBL.NS
2431,MNSO
2432,AM
2433,EVR
2434,NHPC.NS
2435,THG
2436,ASTRAL.NS
2437,JBFCF
2438,U96.SI
2439,MMS
2440,BPOP
2441,ARG.AX
2442,ICP.L
2443,2380.SR
2444,FLR
2445,0489.HK
2446,HUSQ-A.ST
2447,6305.T
2448,SRCL
2449,CERE
2450,ATI
2451,BHARATFORG.NS
2452,THO
2453,IG.MI
2454,9001.T
2455,TIMB
2456,UTG.L
2457,PENN
2458,EMMN.SW
2459,AQN
2460,MPHASIS.NS
2461,ENSG
2462,ORI.AX
2463,GRUMAB.MX
2464,SPSC
2465,6669.TW
2466,HSV.L
2467,TRNO
2468,VNOM
2469,TDOC
2470,COLPAL.NS
2471,1102.TW
2472,LHCG
2473,MEG.TO
2474,SHA.F
2475,RMBS
2476,086280.KS
2477,NJR
2478,HWDN.L
2479,CENCOSUD.SN
2480,MFT.NZ
2481,HOMB
2482,IMI.L
2483,RUN
2484,SYNA
2485,BOX
2486,ESI
2487,MTPOF
2488,GPS
2489,CADE
2490,TQ71.F
2491,FIVE.ME
2492,TKO.PA
2493,WCP.TO
2494,IART
2495,DLO
2496,MSM
2497,IRFC.NS
2498,R
2499,SHC
2500,4751.T
2501,WK
2502,TKA.F
2503,ASAI
2504,ENG.MC
2505,AL
2506,GDS
2507,KRG
2508,BVT.JO
2509,NTRA
2510,ME8U.SI
2511,BANDHANBNK.NS
2512,HSX.L
2513,CHC.AX
2514,WEN
2515,JSWENERGY.NS
2516,IDFCFIRSTB.NS
2517,9719.T
2518,MF.PA
2519,PZU.WA
2520,MTSI
2521,7747.T
2522,DRVN
2523,PRGO
2524,NEX.PA
2525,SSD
2526,WING
2527,ALKEM.NS
2528,NDA.F
2529,HFG.DE
2530,LPX
2531,MRL.MC
2532,6753.T
2533,POWI
2534,COKE
2535,9706.T
2536,GHITHA.AE
2537,PFC.NS
2538,VNO
2539,NVEI
2540,ITCI
2541,BMBL
2542,9007.T
2543,3291.T
2544,GARAN.IS
2545,POR
2546,SWEC-A.ST
2547,TA1.F
2548,INCO.JK
2549,TNET
2550,IAC
2551,IDEA.NS
2552,JHG
2553,SMCI
2554,4190.SR
2555,ATHM
2556,MEI.JO
2557,KRC
2558,3141.T
2559,INCH.L
2560,INPST.AS
2561,QLYS
2562,UA
2563,BOSS.DE
2564,MRF.NS
2565,REM.JO
2566,FRAS.L
2567,CONCOR.NS
2568,YOU
2569,BUCN.SW
2570,TOI.V
2571,H5P.F
2572,MDGL
2573,BE
2574,CAST.ST
2575,ERG.MI
2576,SPIE.PA
2577,SFSN.SW
2578,PSN
2579,TSEM
2580,383220.KS
2581,WFRD
2582,HE
2583,KINV-A.ST
2584,6060.HK
2585,ESNT
2586,CABO
2587,TPRO.MI
2588,BOKA.AS
2589,SHUR.BR
2590,PYCR
2591,PWSC
2592,ALTR
2593,PERSISTENT.NS
2594,AAK.ST
2595,HWC
2596,SID
2597,LIGHT.AS
2598,D01.SI
2599,S
2600,DV
2601,BTRVB.LS
2602,SCR.PA
2603,LEG
2604,HP
2605,VC2.SI
2606,1030.SR
2607,AJRD
2608,ASO
2609,AT1.F
2610,MAN
2611,MSGS
2612,EJT1.F
2613,SAM
2614,RITM
2615,TGNA
2616,AF.PA
2617,NEOEN.PA
2618,FN
2619,2888.TW
2620,VC
2621,MEGA.JK
2622,BBAJIOO.MX
2623,BEM.BK
2624,ALKS
2625,6770.TW
2626,HRI
2627,BL
2628,ACC.NS
2629,SDF.F
2630,ITV.L
2631,U14.SI
2632,NSP
2633,SJI
2634,DPLM.L
2635,FLS
2636,SEB
2637,GLBE
2638,IRT
2639,INDIANB.NS
2640,ASGN
2641,MODG
2642,NSIT
2643,UMBF
2644,EMTK.JK
2645,LTHM
2646,ABCAPITAL.NS
2647,BEZQ.TA
2648,APPF
2649,2875.T
2650,XPO
2651,SMG
2652,SWX
2653,ALQ.AX
2654,DPH.L
2655,RICHT.BD
2656,LXS.F
2657,BZU.MI
2658,SAIL.NS
2659,LUPIN.NS
2660,8439.T
2661,ICUI
2662,NMDC.NS
2663,BCPC
2664,KEX
2665,ATCO
2666,GOL
2667,OGS
2668,BFAM
2669,OLPX
2670,FCC.MC
2671,PPH.JO
2672,G24.F
2673,DIOD
2674,601866.SS
2675,NEOG
2676,002624.SZ
2677,TAL
2678,1SO.F
2679,ZD
2680,CWY.AX
2681,PECO
2682,SESG.PA
2683,FRSH
2684,FIX
2685,FLNC
2686,HER.MI
2687,PATANJALI.NS
2688,GGAL
2689,FELE
2690,PNM
2691,BBD-B.TO
2692,ZWS
2693,CMPC.SN
2694,ONEX.TO
2695,ESGR
2696,ALSN
2697,AGI
2698,CYTK
2699,9863.HK
2700,FCFS
2701,AVT
2702,UTDI.F
2703,DEN
2704,HHC
2705,SEAS
2706,FL
2707,IFT.NZ
2708,SUPREMEIND.NS
2709,HONAUT.NS
2710,AYX
2711,ELIS.PA
2712,TRTN
2713,RNG
2714,ADNT
2715,MLI
2716,MANU
2717,SXS.L
2718,LUMN
2719,TTB.BK
2720,FLUOROCHEM.NS
2721,PETRONET.NS
2722,EVN.AX
2723,ARCAD.AS
2724,LLC.AX
2725,BKH
2726,UMPQ
2727,LITE
2728,RE.PA
2729,WNS
2730,FIZZ
2731,APLAPOLLO.NS
2732,ONTO
2733,IGG.L
2734,CBT
2735,251270.KS
2736,CWST
2737,GUJGASLTD.NS
2738,MTH
2739,ACLS
2740,LPL
2741,HLNE
2742,3481.TW
2743,KMPR
2744,EO.PA
2745,AZEK
2746,PSK.TO
2747,DNLI
2748,3529.TWO
2749,SGRY
2750,1020.SR
2751,BANKINDIA.NS
2752,AKBNK.IS
2753,V03.SI
2754,HAE
2755,AMN
2756,CHPT
2757,MTG
2758,HINDPETRO.NS
2759,LNTH
2760,AAON
2761,BRBR
2762,FTT.TO
2763,XD4.F
2764,AEL
2765,GALE.SW
2766,AB
2767,GODREJPROP.NS
2768,KOZAL.IS
2769,MMSI
2770,ISS.CO
2771,STB.OL
2772,CRSP
2773,BHF
2774,AIMC
2775,2050.SR
2776,8572.T
2777,HLUN-B.CO
2778,TUI1.F
2779,PKI.TO
2780,JUN3.F
2781,TFSL
2782,SAHOL.IS
2783,BEN.AX
2784,STR
2785,FIBI.TA
2786,APLE
2787,VPK.AS
2788,ACT
2789,DUFN.SW
2790,603444.SS
2791,COL.MC
2792,2651.T
2793,SNC.TO
2794,OBS.VI
2795,CPG
2796,GTES
2797,SFBS
2798,INDF.JK
2799,GRP-UN
2800,LEC.F
2801,SDF.AX
2802,BTG
2803,0880.HK
2804,APN.JO
2805,SRAIL.SW
2806,CUZ
2807,TATE.L
2808,GATX
2809,KOJAMO.HE
2810,LUKN.SW
2811,CEN.NZ
2812,ZLAB
2813,INST
2814,SM
2815,ELF
2816,SKY
2817,0008.HK
2818,BECN
2819,SUN
2820,TMHC
2821,AFRM
2822,PINC
2823,TOP.BK
2824,PCH
2825,MAXR
2826,0683.HK
2827,CLS.JO
2828,SINCH.ST
2829,KRN.F
2830,ANTARCHILE.SN
2831,047810.KS
2832,BIMAS.IS
2833,DUOL
2834,B4B.F
2835,SRAD
2836,300418.SZ
2837,2610.TW
2838,WTM
2839,TKC
2840,FIBK
2841,RECLTD.NS
2842,MKS.L
2843,ERF
2844,JXN
2845,SUM
2846,BXMT
2847,SUBC.OL
2848,FUL
2849,NTCO
2850,FRHC
2851,3349.T
2852,OBEROIRLTY.NS
2853,ICAD.PA
2854,GAW.L
2855,SYNH
2856,SR
2857,6BF.F
2858,6460.T
2859,TOASO.IS
2860,BDC
2861,NK.PA
2862,UCBI
2863,HEKTS.IS
2864,DNET.JK
2865,QS
2866,CPX.TO
2867,0659.HK
2868,0069.HK
2869,IGL.NS
2870,FLY.PA
2871,QUB.AX
2872,TIETO.HE
2873,ENV
2874,035250.KS
2875,JUBLFOOD.NS
2876,ENS
2877,GCO.MC
2878,UNOMINDA.NS
2879,EVN.F
2880,AMBA
2881,PLTK
2882,VBK.F
2883,SMPL
2884,1295.KL
2885,NCR
2886,INDB
2887,DOC
2888,BTU
2889,BUOU.SI
2890,HUH1V.HE
2891,GIL.F
2892,FRO
2893,SPR
2894,0522.HK
2895,DLN.L
2896,YKBNK.IS
2897,UNF
2898,IPAR
2899,ATZ.TO
2900,SLM
2901,VNT
2902,CIE.MC
2903,AGO
2904,HVN.AX
2905,AWI
2906,4030.SR
2907,DLG.MI
2908,MYOR.JK
2909,WIZZ.L
2910,COC.F
2911,ACO-X.TO
2912,OMAB
2913,161390.KS
2914,CPA
2915,VONN.SW
2916,CVT
2917,KSS
2918,ESAB
2919,BIOCON.NS
2920,DNA
2921,ARWR
2922,CNS
2923,AMBU-B.CO
2924,PGE.WA
2925,TOWR.JK
2926,RSW.L
2927,0014.HK
2928,SEM
2929,MRVI
2930,JWN
2931,WSV2.F
2932,LTH
2933,TDC
2934,YETI
2935,GOCO
2936,2128.HK
2937,EVO
2938,TRIP
2939,JBH.AX
2940,SANM
2941,LH.BK
2942,FOLD
2943,2002.T
2944,NTLA
2945,2834.TW
2946,TTKOM.IS
2947,DAE.SW
2948,ASB
2949,GICRE.NS
2950,KWR
2951,MEOH
2952,0R1.F
2953,KD
2954,WWG.F
2955,GEF
2956,LOPE
2957,EPRT
2958,LOG.MC
2959,NNI
2960,BMI
2961,0023.HK
2962,MYM.F
2963,QFIN
2964,ALK-B.CO
2965,GOLF
2966,LAC
2967,6324.T
2968,VIR
2969,VIRT
2970,SRU-UN.TO
2971,PAAS
2972,AEIS
2973,LSG.OL
2974,AVNT
2975,PCVX
2976,FHI
2977,TEX
2978,3391.T
2979,4516.T
2980,0694.HK
2981,SIG
2982,SFM
2983,A2M.AX
2984,ROR.L
2985,FHB
2986,4385.T
2987,RZ8G.F
2988,BCP.LS
2989,BREB.BR
2990,KOS
2991,RDN
2992,TNL
2993,BION.SW
2994,HL
2995,BNL
2996,GRG.L
2997,MQ
2998,NINOY
2999,AWC.AX
3000,CVBF
3001,GGRM.JK
3002,FDR.MC
3003,OLLI
3004,STNG
3005,LNR.TO
3006,ALE
3007,AWR
3008,KXS.TO
3009,OI
3010,STAA
3011,4581.T
3012,ENOV
3013,7564.T
3014,PACW
3015,4197.KL
3016,PTCT
3017,FEDERALBNK.NS
3018,BAK
3019,ARCLK.IS
3020,CALX
3021,JBT
3022,SPT
3023,BYD.TO
3024,AFFS
3025,NEU
3026,EURN
3027,RLX
3028,AIN
3029,VOLTAS.NS
3030,ABCB
3031,BWY.L
3032,4613.T
3033,ILU.AX
3034,ABCM
3035,VSCO
3036,ESMT
3037,AGL.AX
3038,TWKS
3039,BSM
3040,ACE.MI
3041,COROMANDEL.NS
3042,DEI
3043,ASAN
3044,NDX1.F
3045,ALVO
3046,GL9.IR
3047,BTS.BK
3048,OMU.JO
3049,SUSE.DE
3050,CGCBV.HE
3051,OUT
3052,FOCS
3053,VTY.L
3054,PFSI
3055,ARI.JO
3056,NWE
3057,SPXC
3058,SMU-UN.TO
3059,MCG.JO
3060,METSA.HE
3061,MLSR.TA
3062,UNI.MC
3063,EVH
3064,PROX.VI
3065,CSE-PA.TO
3066,NXT.AX
3067,BLKB
3068,SZU.F
3069,JET2.L
3070,MAREL.AS
3071,TCBI
3072,CDR.WA
3073,SMGR.JK
3074,021240.KS
3075,SSRM
3076,CBU
3077,3MINDIA.NS
3078,COFORGE.NS
3079,CWT
3080,PI
3081,CVI
3082,HBR.L
3083,LAZ
3084,HCM
3085,NCNO
3086,PK
3087,ELUX-A.ST
3088,STGW
3089,NGVT
3090,WHD
3091,WIB.F
3092,CD
3093,CWK
3094,S51.SI
3095,PZZA
3096,GPI
3097,POU.TO
3098,DADA
3099,PPBI
3100,HI
3101,CGAS5.SA
3102,PBH.TO
3103,SAX.F
3104,EYE
3105,ESCORTS.NS
3106,TV
3107,AMBP
3108,MNV6.F
3109,TEO
3110,FSS
3111,CCC.L
3112,CATY
3113,RARE
3114,CCOI
3115,TIGO
3116,AUROPHARMA.NS
3117,FIE.F
3118,DQ
3119,TATACHEM.NS
3120,HUBG
3121,AZTA
3122,TBIG.JK
3123,ECV.F
3124,MFSL.NS
3125,PEGA
3126,9048.T
3127,IRTC
3128,EPR
3129,GHC
3130,HIW
3131,AIXA.F
3132,VEA.AX
3133,VZN.SW
3134,SGKN.SW
3135,COOP
3136,BB.PA
3137,SFZN.SW
3138,PAGP
3139,CS.TO
3140,002558.SZ
3141,VID.MC
3142,LXP
3143,MRCY
3144,OVH.PA
3145,RAJESHEXPO.NS
3146,KBH
3147,BURJEEL.AE
3148,S92.F
3149,ISAT.JK
3150,MBK.WA
3151,SCT.L
3152,TR
3153,VMUK.L
3154,PTEN
3155,GUBRF.IS
3156,HPK
3157,IBP
3158,HASI
3159,ONEM
3160,THERMAX.NS
3161,GNN.F
3162,CRVL
3163,SQSP
3164,KLIC
3165,ACAD
3166,ENIC
3167,STNE
3168,MMB.PA
3169,INKP.JK
3170,NOMD
3171,4912.T
3172,WSFS
3173,AMED
3174,TGS
3175,ACIW
3176,EVA
3177,ARRY
3178,BZY.F
3179,CNMD
3180,AMP.AX
3181,RUSHA
3182,WIRE
3183,OIL.NS
3184,HAG.F
3185,WD
3186,0053.HK
3187,TWNK
3188,BOH
3189,BLD.AX
3190,PAGS
3191,SXT
3192,EXX.JO
3193,T82U.SI
3194,ABM
3195,AY
3196,GT
3197,VAKBN.IS
3198,PRVA
3199,000100.KS
3200,DEEPAKNTR.NS
3201,011780.KS
3202,ZGN
3203,STEP
3204,RPD
3205,APPN
3206,ARTO.JK
3207,MXL
3208,010145.KS
3209,LFG
3210,4536.T
3211,SIM.CO
3212,MC
3213,PHOENIXLTD.NS
3214,FRPT
3215,BEAM
3216,241560.KS
3217,ATA.TO
3218,MAIN
3219,PJT
3220,APAM.AS
3221,SBRA
3222,BRZE
3223,VTSC.DE
3224,600060.SS
3225,VIS.MC
3226,STRS.TA
3227,EVOP
3228,BCC
3229,BAYANAT.AE
3230,PBH
3231,VRNS
3232,CRC
3233,4100.SR
3234,DORM
3235,PSEC
3236,SGML
3237,CRI
3238,WOOF
3239,WERN
3240,MAC
3241,DLG.L
3242,PMAG.F
3243,VSH
3244,IMCR
3245,LIVN
3246,PNN.L
3247,INMD
3248,CERT
3249,LCII
3250,BILL.ST
3251,PM6.F
3252,KFY
3253,DNLM.L
3254,ALMB.CO
3255,BCO
3256,CNO
3257,AEO
3258,AX
3259,VICR
3260,IVG.MI
3261,PGNY
3262,GH
3263,AVA
3264,WOR
3265,GO
3266,AAWW
3267,MCW
3268,SUN.SW
3269,SFNC
3270,RUI.PA
3271,FLYW
3272,SITC
3273,FCR-UN.TO
3274,ETRN
3275,GMRINFRA.NS
3276,IBOC
3277,MSTR
3278,UBI.PA
3279,BANF
3280,BLX.TO
3281,SQN.SW
3282,AUB
3283,NARI
3284,RUM
3285,BYG.L
3286,CVLT
3287,TMV.DE
3288,FULT
3289,TOY.TO
3290,DELHIVERY.NS
3291,BKU
3292,AVAL
3293,9468.T
3294,HRMY
3295,GRT.JO
3296,ALB.MC
3297,ISEE
3298,PRTA
3299,SHLS
3300,CRISIL.NS
3301,EFGN.SW
3302,WAF.F
3303,POLICYBZR.NS
3304,PDCO
3305,MRTX
3306,GRINDWELL.NS
3307,SYNGENE.NS
3308,AMRC
3309,ALLN.SW
3310,CRT-UN.TO
3311,ROG
3312,002517.SZ
3313,CXM
3314,TFPM
3315,IDS.L
3316,DOCN
3317,ABCL
3318,AXNX
3319,EBC
3320,5246.KL
3321,ACA
3322,ALTA.PA
3323,MMYT
3324,3333.HK
3325,DEA
3326,PROK
3327,SAFE.L
3328,EKTA-B.ST
3329,GNW
3330,KANSAINER.NS
3331,HAYW
3332,TRI.PA
3333,FLQ.F
3334,TIMKEN.NS
3335,CRK
3336,CCU
3337,MDC
3338,KPITTECH.NS
3339,DIR-UN.TO
3340,AMOT.TA
3341,EQC
3342,AMC
3343,JBLU
3344,NOD.OL
3345,2331.T
3346,VCT.NZ
3347,POT.NZ
3348,CNX
3349,NOG
3350,ZIM
3351,SUMICHEM.NS
3352,AP-UN.TO
3353,KWS.L
3354,IPCALAB.NS
3355,ACX.MC
3356,RRR
3357,SITM
3358,AXSM
3359,CEQP
3360,AHCO
3361,FNTN.F
3362,POM.PA
3363,REZI
3364,JOE
3365,TPK.L
3366,SBCF
3367,MIKA.JK
3368,SKFINDIA.NS
3369,IOSP
3370,RVNC
3371,SPWR
3372,PD
3373,JJSF
3374,SSTK
3375,PLXS
3376,PRFT
3377,MTS.AX
3378,6789.TW
3379,2778.HK
3380,CRDO
3381,ALRM
3382,COP.DE
3383,LGIH
3384,LBRT
3385,5JB.F
3386,CURLF
3387,HR-UN.TO
3388,SMWH.L
3389,INSM
3390,IFS
3391,NVMI
3392,FCG.NZ
3393,CSIQ
3394,THS
3395,DUE.F
3396,COVH.PA
3397,EBRO.MC
3398,SAGE
3399,000927.SZ
3400,ARLP
3401,GETY
3402,MULT3.SA
3403,DAN
3404,TORNTPOWER.NS
3405,GLPG
3406,ZEEL.NS
3407,TNDM
3408,BPMC
3409,SONO
3410,NXRT
3411,4506.T
3412,SPEN.TA
3413,GLAND.NS
3414,JKS
3415,SLG
3416,JKCEMENT.NS
3417,BHC
3418,RMI.JO
3419,K71U.SI
3420,SPB
3421,282330.KS
3422,MALLPLAZA.SN
3423,OTTR
3424,GFTU.L
3425,SSPG.L
3426,UGP
3427,JOBY
3428,KCR.HE
3429,KEMIRA.HE
3430,0010.HK
3431,SHOO
3432,MYOV
3433,KTB
3434,BRC
3435,UN9.F
3436,ATUL.NS
3437,CMBN.SW
3438,APOLLOTYRE.NS
3439,OLK
3440,GXI.F
3441,FWRD
3442,IBTX
3443,CALM
3444,WLY
3445,GEST.MC
3446,IBA
3447,028670.KS
3448,LSPD
3449,YY
3450,S58.SI
3451,BBY.L
3452,ALSN.SW
3453,9506.T
3454,LICHSGFIN.NS
3455,MATX
3456,VVNT
3457,FORTIS.NS
3458,JAMF
3459,CJLU.SI
3460,ITRI
3461,XRX
3462,IFCN.SW
3463,INRN.SW
3464,TGTX
3465,MGEE
3466,GEI.TO
3467,HELE
3468,ARCH
3469,2353.TW
3470,FNMAL
3471,VIAV
3472,CVCO
3473,ULCC
3474,PRMW
3475,VRNT
3476,MGRC
3477,AGTI
3478,MRP.JO
3479,IDIA.SW
3480,COLB
3481,GLNG
3482,LUG.TO
3483,ENR
3484,PGSUS.IS
3485,DCT
3486,IHS
3487,BNLI.JK
3488,FORM
3489,FLS.CO
3490,NVG.LS
3491,FRME
3492,PRGS
3493,U06.SI
3494,GMS
3495,7030.SR
3496,336260.KS
3497,EXTR
3498,ANN.AX
3499,BVIC.L
3500,OUT1V.HE
3501,CBRL
3502,HAS.L
3503,CORT
3504,AI
3505,CNU.NZ
3506,SWON.SW
3507,ABR
3508,TROX
3509,SLR.MC
3510,ARCB
3511,TAC
3512,PACB
3513,LESL
3514,BPT.AX
3515,BOOT
3516,KW
3517,BAYERCROP.NS
3518,IIPR
3519,PEL.NS
3520,POST.VI
3521,NUVA
3522,BB
3523,ASHM.L
3524,ZIP
3525,CBZ
3526,NHI
3527,UNFI
3528,NAVI
3529,RXO
3530,BMA
3531,ELK.OL
3532,BTE.TO
3533,VLTSA.PA
3534,CPE
3535,APAM
3536,AMR
3537,FFBC
3538,URBN
3539,ELF.TO
3540,1U1.DE
3541,XENE
3542,PSM.F
3543,RLAY
3544,TRMD
3545,TCN
3546,OMCL
3547,ENDURANCE.NS
3548,BFIT.AS
3549,ESE
3550,IMVT
3551,HATSUN.NS
3552,MFI.TO
3553,3105.TWO
3554,AARTIIND.NS
3555,THRM
3556,CRBN.AS
3557,137310.KS
3558,DY
3559,M04.SI
3560,EXPI
3561,SCL
3562,QQ.L
3563,BATAINDIA.NS
3564,6952.T
3565,FCPT
3566,CRS
3567,RELAXO.NS
3568,SHAK
3569,FTAI
3570,NPO
3571,CZOO
3572,SBLK
3573,BAVA.CO
3574,HALKB.IS
3575,CFP.TO
3576,EVTC
3577,FUN
3578,FROG
3579,EE
3580,INE.TO
3581,DEVYANI.NS
3582,KAI
3583,IRE.MI
3584,SIX
3585,3293.TWO
3586,VTYX
3587,TTEC
3588,GKOS
3589,TRUP
3590,CCOLA.IS
3591,SABR
3592,ITGR
3593,ERJ
3594,WEBR
3595,VET
3596,OR
3597,OPCE.TA
3598,KNOS.L
3599,GRI.L
3600,SJW
3601,WAFD
3602,WDFC
3603,PSB.NS
3604,LTR.AX
3605,ODP
3606,LMP.L
3607,BEKN.SW
3608,CCA.TO
3609,HEP
3610,GBDC
3611,ZFCVINDIA.NS
3612,LAZR
3613,VRRM
3614,ARNC
3615,KMT
3616,GNS.L
3617,MAHABANK.NS
3618,FUTR.L
3619,FSR
3620,FGEN
3621,NXE
3622,VSAT
3623,ROVI.MC
3624,BFSA.DE
3625,CPS.WA
3626,DGH.JO
3627,STRA
3628,KIND-SDB.ST
3629,3292.T
3630,KWS.F
3631,NWL.AX
3632,B
3633,PIK.JO
3634,EPC
3635,MVV1.F
3636,INTA
3637,CARBORUNIV.NS
3638,N91.L
3639,DBRG
3640,KRP
3641,PSMT
3642,SHO
3643,WMK
3644,FTCH
3645,DMP.F
3646,IIFL.NS
3647,TDW
3648,LAURUSLABS.NS
3649,TPH
3650,RVMD
3651,TOWN
3652,DARK.L
3653,GFF
3654,EMAMILTD.NS
3655,CENT
3656,SUNTV.NS
3657,MFGP
3658,NOS.LS
3659,AMLX
3660,JBGS
3661,JDAN.CO
3662,PAX
3663,RNW
3664,BOWL
3665,BRG.AX
3666,PETS.L
3667,FTDR
3668,VERX
3669,SZG.F
3670,TRN
3671,ENTRA.OL
3672,WSBC
3673,ITCB
3674,SIMO
3675,CRTO
3676,IDR.MC
3677,CMTG
3678,SJ.TO
3679,LAND.SW
3680,STLC.TO
3681,BANR
3682,AVAV
3683,ESRT
3684,P55.F
3685,PTEC.L
3686,036460.KS
3687,HTH
3688,RDW.L
3689,CRCT
3690,7LX.F
3691,XNCR
3692,NIACL.NS
3693,XPRO
3694,NEX
3695,CHGG
3696,COUR
3697,GSAT
3698,IDCC
3699,NTCT
3700,RKLB
3701,ARL.F
3702,YELP
3703,HMY
3704,0813.HK
3705,AVDX
3706,BLMN
3707,CSWI
3708,INSW
3709,CRR-UN.TO
3710,HLIO
3711,COFA.PA
3712,MWA
3713,TABAK.PR
3714,SAVE
3715,BEI-UN.TO
3716,TPZ.TO
3717,CPK
3718,KAJARIACER.NS
3719,DQW1.F
3720,NUS
3721,PLAY
3722,SAH
3723,BKE
3724,CVNA
3725,HTLF
3726,TBS.JO
3727,4587.T
3728,SUPN
3729,PEB
3730,RAMCOCEM.NS
3731,IIFLWAM.NS
3732,CWK.L
3733,COLBUN.SN
3734,BYW.F
3735,SMTC
3736,SLVM
3737,XPEL
3738,FIL.TO
3739,CIXX
3740,SDRL
3741,MGPI
3742,ALHC
3743,PIPR
3744,AKRO
3745,HARL.TA
3746,OII
3747,RELY
3748,FA
3749,RNST
3750,PRK
3751,GPRE
3752,VCTR
3753,PDX.ST
3754,042660.KS
3755,TFG.JO
3756,MOMO
3757,GDRX
3758,MCY
3759,OPL.WA
3760,OERL.SW
3761,MSGE
3762,TMDX
3763,RYM.NZ
3764,ATUS
3765,DNUT
3766,CSTM
3767,SAFE
3768,SNEX
3769,BFH
3770,AGYS
3771,GOOS
3772,CLDX
3773,NG
3774,AKSEN.IS
3775,ALFEN.AS
3776,SYAB.DE
3777,DKL
3778,EFSC
3779,AAT
3780,0200.HK
3781,NMRK
3782,9533.T
3783,NETC.CO
3784,GLO.L
3785,LILA
3786,ALSO3.SA
3787,AIF.TO
3788,VPLAY-B.ST
3789,DOOR
3790,CCS
3791,USAC
3792,CWB.TO
3793,AG
3794,3532.TW
3795,LALPATHLAB.NS
3796,PHR
3797,SCYR.MC
3798,WHIRLPOOL.NS
3799,FBC
3800,ENLT.TA
3801,PRESTIGE.NS
3802,NVEE
3803,HBI
3804,GOGO
3805,CARG
3806,VCT.L
3807,EXN.PA
3808,DRH
3809,CEIX
3810,AMK
3811,ATRC
3812,NOVA
3813,ETWO
3814,WGO
3815,MTX
3816,KRYS
3817,NA9.DE
3818,RLJ
3819,DIXON.NS
3820,EVCM
3821,DLEKG.TA
3822,ARHS
3823,VGR
3824,C52.SI
3825,MNRL
3826,SCHO.CO
3827,BUKA.JK
3828,7956.T
3829,TBBK
3830,FORN.SW
3831,PAYO
3832,GOGL
3833,SON.LS
3834,WPK.TO
3835,CAKE
3836,RES
3837,PAGE.L
3838,LEN.F
3839,ICFI
3840,ELTR.TA
3841,EXCL.JK
3842,TVE.TO
3843,035900.KQ
3844,MONET.PR
3845,TDCX
3846,AAVAS.NS
3847,TWEKA.AS
3848,HCC
3849,SHB.L
3850,PTVE
3851,CBE.PA
3852,AGR.L
3853,PXT.TO
3854,HBM.HM
3855,ALHE.TA
3856,GNE.NZ
3857,SKT
3858,300459.SZ
3859,NMIH
3860,SWTX
3861,CTRE
3862,LFST
3863,CNNE
3864,BVN
3865,SNT.JO
3866,EQB.TO
3867,BDL.NS
3868,RVLV
3869,BCRX
3870,FINEORG.NS
3871,QTWO
3872,FIH-U.TO
3873,GTII.CN
3874,UE
3875,SGHC
3876,RATNAMANI.NS
3877,BLUEDART.NS
3878,BAB.L
3879,NVA.TO
3880,CSGS
3881,HIMS
3882,ETL.PA
3883,GMT.NZ
3884,EXIDEIND.NS
3885,GYC.DE
3886,SVS.L
3887,JEN.F
3888,0041.HK
3889,NS
3890,ROIC
3891,CBG.L
3892,NABL
3893,GBTC
3894,ZETA
3895,PLRX
3896,MDRX
3897,PRME
3898,DSEY
3899,SILK
3900,041510.KQ
3901,USIM5.SA
3902,HTGC
3903,ALG
3904,AG1.F
3905,0045.HK
3906,BDMN.JK
3907,081660.KS
3908,AUR
3909,PCRX
3910,BLDP
3911,GPE.L
3912,ARVN
3913,RADICO.NS
3914,SES.TO
3915,KYMR
3916,5105.T
3917,NS8U.SI
3918,TASK
3919,BRP
3920,MAHINDCIE.NS
3921,SAP.JO
3922,TNET.BR
3923,RWS.L
3924,ALM.MC
3925,ZUGN.SW
3926,NHH.MC
3927,BRG.OL
3928,RENE.LS
3929,TRMK
3930,ATSG
3931,VCYT
3932,PHP.L
3933,ENRG.TA
3934,004990.KS
3935,HEES
3936,BUR
3937,HLMN
3938,GVA
3939,OLT.OL
3940,SVI.TO
3941,MRTN
3942,BATRK
3943,IDFC.NS
3944,001040.KS
3945,PAM
3946,EAT
3947,PFV.F
3948,IMO1.F
3949,INDIAMART.NS
3950,ATGE
3951,ESTE
3952,UDMY
3953,5301.T
3954,LRN
3955,PFS
3956,SBH
3957,SANOMA.HE
3958,DATA.L
3959,ENJSA.IS
3960,VRTV
3961,FBK
3962,INT
3963,OXM
3964,IMKTA
3965,SYBT
3966,NWBI
3967,ENGH.TO
3968,WUW.F
3969,NATIONALUM.NS
3970,HKD
3971,DOKA.SW
3972,MEI
3973,LKFN
3974,LIF.TO
3975,TLRY
3976,DK
3977,NWH-UN.TO
3978,AJB.L
3979,MTRN
3980,AIR
3981,VZIO
3982,COHU
3983,004170.KS
3984,TTML.NS
3985,TFI.PA
3986,REDINGTON.NS
3987,SNDX
3988,FRU.TO
3989,CTOS
3990,FLNG
3991,USM
3992,RRRP3.SA
3993,ROCK
3994,ALGT
3995,EVGO
3996,008930.KS
3997,AMPL
3998,0778.HK
3999,CVAC
4000,NBTB
4001,EVEX
4002,FBNC
4003,IRWD
4004,GCMG
4005,CTKB
4006,CJT.TO
4007,UPWK
4008,KN
4009,COMP
4010,ELGIEQUIP.NS
4011,FN.TO
4012,ARCO
4013,FORG
4014,MLKN
4015,WRBY
4016,ANZFF
4017,LNN
4018,EGO
4019,COMM
4020,VRNA
4021,EIF.TO
4022,XHR
4023,SEAT
4024,JSL.NS
4025,BBIO
4026,RCH.TO
4027,2400.HK
4028,BTS.VI
4029,DHT
4030,TCBK
4031,ADUS
4032,SSU
4033,MINERA.SN
4034,SPT.L
4035,SWI
4036,HAIN
4037,QLT.L
4038,BAJAJELEC.NS
4039,BIR.TO
4040,TEN
4041,PATK
4042,KEN
4043,TAH.AX
4044,0303.HK
4045,RFP
4046,MNRO
4047,TGLS
4048,UCTT
4049,MTM.JO
4050,RETA
4051,NWN
4052,SDGR
4053,BIO.F
4054,EVRI
4055,LAUR
4056,RAMP
4057,CSH-UN.TO
4058,XMTR
4059,ESTA
4060,GET
4061,1860.T
4062,RHF.F
4063,PEAB-B.ST
4064,ELME
4065,SKIN
4066,NBR
4067,TUYA
4068,GTY
4069,DCMSHRIRAM.NS
4070,CLS
4071,MHO
4072,VRE
4073,GSHD
4074,TRN.L
4075,FCF
4076,KLNMA.IS
4077,BLUESTARCO.NS
4078,NTB
4079,QTCOM.HE
4080,PARR
4081,TWO
4082,MGNI
4083,CAR.WA
4084,OMI
4085,JBI
4086,002174.SZ
4087,CPRX
4088,IAS
4089,SOW.F
4090,BDX.WA
4091,INFN
4092,JSMR.JK
4093,CMP
4094,PDN.AX
4095,CIM
4096,BGCP
4097,HLF
4098,LZ
4099,FEVR.L
4100,ZEAL.CO
4101,FSKRS.HE
4102,CSVI
4103,BTRS
4104,Z25.SI
4105,AMEH
4106,RDF.JO
4107,PRAA
4108,MYRG
4109,HOPE
4110,HBMN.SW
4111,2432.T
4112,SAND
4113,AGIO
4114,VAIAS.HE
4115,BYS.SW
4116,EMBC
4117,ARI
4118,ENVA
4119,KMP-UN.TO
4120,IVT
4121,8869.KL
4122,IBRX
4123,NUVL
4124,PRCT
4125,TEG.F
4126,GSY.TO
4127,RNA
4128,KAR
4129,SJVN.NS
4130,SPB.TO
4131,KDNY
4132,MIR
4133,CODI
4134,OSIS
4135,RYTM
4136,NBHC
4137,JSW.WA
4138,JACK
4139,004370.KS
4140,YSN.F
4141,RCKT
4142,ACVA
4143,SCHL
4144,A5SA.F
4145,VRTS
4146,DNOW
4147,HLIT
4148,BVA.SI
4149,IIP-UN.TO
4150,OYAKC.IS
4151,PLUS
4152,1434.TW
4153,PAS.KH
4154,LOB
4155,CAAP
4156,RCII
4157,1773.T
4158,RXRX
4159,TCP.JO
4160,BOY.L
4161,STEL
4162,LOMA
4163,HAPPSTMNDS.NS
4164,DCP.JO
4165,CHAMBLFERT.NS
4166,CRSR
4167,GNL
4168,WABC
4169,MYGN
4170,MNTK
4171,PEY.TO
4172,EPAC
4173,MEG
4174,KRU.WA
4175,VEI.OL
4176,VBTX
4177,MODV
4178,STG.CO
4179,FVRR
4180,DAWN
4181,RUS.TO
4182,SAE.TA
4183,SANOFI.NS
4184,AMPH
4185,KIOCL.NS
4186,TALO
4187,HPP
4188,ASAHIINDIA.NS
4189,TSLX
4190,SASR
4191,BORR
4192,IEX.NS
4193,GEO
4194,ATO.PA
4195,TGH
4196,FIGS
4197,NEO
4198,MCRI
4199,MSEX
4200,ANF
4201,FINN
4202,300315.SZ
4203,VIVO
4204,TBK
4205,ALKT
4206,SFB1.F
4207,AKR
4208,VSTO
4209,SUM.NZ
4210,LTC
4211,STEM
4212,HMN
4213,RCUS
4214,MEL.MC
4215,CHCO
4216,SFL
4217,UEC
4218,002354.SZ
4219,AEFES.IS
4220,EGBN
4221,ASCL.L
4222,SKBN.TA
4223,CNK
4224,KEC.NS
4225,AVI.JO
4226,KROS
4227,DEQ.F
4228,LHC.JO
4229,GRBK
4230,VIST
4231,CHEF
4232,WAC.F
4233,STBA
4234,000080.KS
4235,RC
4236,ACLX
4237,CGAU
4238,AND.TO
4239,UNIT
4240,AGM
4241,007310.KS
4242,OCFC
4243,SFL.NS
4244,ANGI
4245,CUB.NS
4246,ROAD
4247,GBF.F
4248,GLJ.F
4249,DFIN
4250,9JO.F
4251,SATS
4252,SUMO
4253,ERO
4254,HBH.DE
4255,AROC
4256,AOF.F
4257,002380.KS
4258,RYI
4259,SPCE
4260,AFK.OL
4261,FCEL
4262,SCCC.BK
4263,TH
4264,POSH
4265,DDD
4266,ECVT
4267,2121.T
4268,AVNS
4269,PERI
4270,MATV
4271,BRFS
4272,MTRN.TA
4273,MMI
4274,TYRES.HE
4275,SVC
4276,BIMB.KL
4277,REPL
4278,DVAX
4279,SOVO
4280,KTOS
4281,ALEX
4282,TRUE-B.ST
4283,CENTURYPLY.NS
4284,CO.PA
4285,TWST
4286,HBM
4287,GAMA.L
4288,CTS
4289,VRDN
4290,PGRE
4291,JSLHISAR.NS
4292,HTWS.L
4293,TTMI
4294,SXI
4295,OM
4296,HURN
4297,AETHER.NS
4298,MORF
4299,PRM
4300,HIMX
4301,OFG
4302,7846.T
4303,DICE
4304,GLENMARK.NS
4305,SBGI
4306,BHLB
4307,TVTX
4308,FNA
4309,CGG.TO
4310,VEON
4311,CLMT
4312,COR.LS
4313,FDP
4314,SPOL.OL
4315,CASH
4316,KALU
4317,BFS
4318,UPST
4319,TSU.TO
4320,GLOG-PA
4321,LADR
4322,ENVX
4323,EAF
4324,GERN
4325,TAVHL.IS
4326,BUSE
4327,MLNK
4328,GEL
4329,NLCINDIA.NS
4330,ECMPA.AS
4331,BEN.PA
4332,MNKD
4333,AM8.F
4334,GB
4335,ATEA.OL
4336,FINPIPE.NS
4337,ECPG
4338,RSAB.L
4339,CEM.MI
4340,PGTI
4341,VCEL
4342,PRIM
4343,DH
4344,EVBG
4345,ADTN
4346,MAG
4347,STER
4348,VVX
4349,SUZLON.NS
4350,PSFE
4351,KNTK
4352,SEMR
4353,MODN
4354,OLO
4355,VLRS
4356,CHEMM.CO
4357,PX
4358,PCT.NZ
4359,HUYA
4360,PPLPHARMA.NS
4361,TBLA
4362,CXW
4363,UPONOR.HE
4364,WNC
4365,BCOR
4366,MTY.TO
4367,MBIN
4368,VGUARD.NS
4369,EIHOTEL.NS
4370,DNTL.TO
4371,UVV
4372,UNS.TO
4373,COK.F
4374,SWTQ.SW
4375,PEP.WA
4376,PBB.DE
4377,RADI
4378,OPEN
4379,UTZ
4380,NVRO
4381,SCLX
4382,WE
4383,AVID
4384,SPNS
4385,PMT
4386,ATS.VI
4387,PCT
4388,CDSL.NS
4389,PAYA
4390,AMARAJABAT.NS
4391,PRO
4392,0777.HK
4393,OEC
4394,EUZ.F
4395,CINC
4396,ORLA
4397,NWC.TO
4398,CAV1V.HE
4399,KRO
4400,HINDCOPPER.NS
4401,USPH
4402,CAP.SN
4403,7762.T
4404,OTLY
4405,HTLD
4406,HNI
4407,PDFS
4408,ODPV3.SA
4409,CNXN
4410,VAR1.F
4411,PVR.NS
4412,PLMR
4413,LBAI
4414,ZH
4415,TRS
4416,GWK3.HM
4417,DCBO
4418,CASH.MC
4419,APLLTD.NS
4420,CTY1S.HE
4421,ZWS.F
4422,IHP.L
4423,ADPT
4424,VERV
4425,FSLY
4426,PDM
4427,PLYA
4428,SONG.L
4429,KRNT
4430,MBUU
4431,ERII
4432,CYIENT.NS
4433,PBFX
4434,ANDE
4435,SAE.F
4436,PHM.MC
4437,BASF.NS
4438,IAG
4439,MD
4440,MCG
4441,BONHR.OL
4442,ME
4443,300113.SZ
4444,SKC.NZ
4445,DO
4446,SBSI
4447,NKLA
4448,ALLCARGO.NS
4449,RBLBANK.NS
4450,FORTY
4451,TNC
4452,TNK
4453,TDS
4454,SAFT
4455,IPCO.TO
4456,SSP
4457,DAC
4458,OPAL
4459,SNCY
4460,PL
4461,NXGN
4462,TTGT
4463,VLK.AS
4464,KC
4465,ARIS
4466,DCPH
4467,SRCE
4468,GLP
4469,PLL
4470,IE
4471,EQX
4472,GPOR
4473,CLNE
4474,APPS
4475,PSG.MC
4476,IMGO
4477,CMRE
4478,WG.L
4479,FOI-B.ST
4480,DIN
4481,KNT.TO
4482,C43.F
4483,KYN
4484,DGII
4485,PTNR
4486,SWIR
4487,FAE.MC
4488,STC
4489,KFRC
4490,MTL
4491,BYIT.L
4492,WDH
4493,MOD
4494,DCOM
4495,SES
4496,LZB
4497,MED
4498,CAMT
4499,USNA
4500,NATCOPHARM.NS
4501,ASTS
4502,BRKL
4503,SAVA
4504,FRG
4505,ATRI
4506,SBS.F
4507,CLB
4508,VIPIND.NS
4509,FREY
4510,ALLG
4511,WTE.TO
4512,MFG.AX
4513,BHVN
4514,AFYA
4515,AUPH
4516,OBNK
4517,LGND
4518,GES
4519,RDNT
4520,ZNTL
4521,CRNC
4522,UN01.DE
4523,CCSI
4524,ITI.NS
4525,IOVA
4526,KTY.WA
4527,HLX
4528,AGR.VI
4529,UUUU
4530,SPNT
4531,TMCI
4532,NSSC
4533,2356.HK
4534,GDEN
4535,ZUO
4536,DPM.TO
4537,AIV
4538,EIG
4539,HUDCO.NS
4540,P1Z.VI
4541,WWW
4542,PLAB
4543,AMPS
4544,DFH
4545,LB.TO
4546,ABC.KH
4547,GABC
4548,CFFN
4549,ASIX
4550,LMND
4551,NTST
4552,ZWC.WA
4553,13B.F
4554,FBRT
4555,JWEL.TO
4556,IRBT
4557,MNTV
4558,MVC.MC
4559,MFA
4560,TL5.MC
4561,EASEMYTRIP.NS
4562,TRUL.CN
4563,DMLP
4564,OFLX
4565,000150.KS
4566,CE2.F
4567,GRND3.SA
4568,CARS
4569,MSLH.L
4570,BDN
4571,MATW
4572,HOLI
4573,RILY
4574,TEJASNET.NS
4575,CWR.L
4576,ASC.L
4577,PRG
4578,SEM.LS
4579,TARO
4580,LPSN
4581,EIDPARRY.NS
4582,DEC.L
4583,DNN
4584,LPRO
4585,ENTA
4586,ZYDUSWELL.NS
4587,TMP
4588,CSR
4589,EQRX
4590,SPTN
4591,CGC
4592,NRC
4593,PAY
4594,XPOF
4595,AHH
4596,SHYF
4597,PFI.F
4598,GBG.L
4599,MRC
4600,JELD
4601,ATEN
4602,HWX.TO
4603,CRNX
4604,NYMT
4605,DIA.MC
4606,FRE.NZ
4607,USER
4608,DASA3.SA
4609,COWN
4610,STRL
4611,PMET.V
4612,ULH
4613,MGL.NS
4614,NAAS
4615,ACDC
4616,0071.HK
4617,T1L.F
4618,GTN
4619,PUMP
4620,SG
4621,GGR
4622,CWH
4623,REG1V.HE
4624,SANT.F
4625,NIC
4626,PNL.AS
4627,LMAT
4628,KORI.PA
4629,HHFA.F
4630,PTLO
4631,DOLE
4632,GENI
4633,DRQ
4634,CAF.MC
4635,FINCABLES.NS
4636,BSIG
4637,EAT.MC
4638,GIC
4639,AXL
4640,089590.KS
4641,EXAI
4642,LC
4643,UMH
4644,CHCT
4645,MGI
4646,VECO
4647,6014.SR
4648,CMCO
4649,NWO.F
4650,GRND
4651,KIDS
4652,AAV.TO
4653,CUBI
4654,APOG
4655,TANLA.NS
4656,CYB.TO
4657,AALI.JK
4658,BYND
4659,BLU
4660,PFBC
4661,ICHR
4662,DDL
4663,INNV
4664,3765.T
4665,NEX.L
4666,NRDS
4667,KARURVYSYA.NS
4668,HYQ.F
4669,RSKD
4670,ITE.JO
4671,TOM2.AS
4672,CDMO
4673,LICY
4674,ARGO
4675,QURE
4676,PRA
4677,ALTR.LS
4678,NAMS
4679,AMWL
4680,FNAC.PA
4681,FSM
4682,IFP.TO
4683,RHK.DE
4684,BANC
4685,CYRX
4686,AMSF
4687,PTRA
4688,COGT
4689,GALAXYSURF.NS
4690,CDE
4691,MRC.TO
4692,TELL
4693,OSW
4694,HFWA
4695,ARQT
4696,BAW.JO
4697,KREF
4698,BSLI3.SA
4699,INBX
4700,CMPR
4701,TKG.JO
4702,ALLO
4703,TTALO.HE
4704,THG.L
4705,MTTR
4706,YCA.L
4707,RGNX
4708,UAN
4709,APPS.MC
4710,CLBT
4711,SPH
4712,MTG-B.ST
4713,BLFS
4714,FTK.DE
4715,ASTE
4716,NAS.OL
4717,ARR
4718,PAR
4719,STGT.BK
4720,TITN
4721,AZZ
4722,DHG.IR
4723,WEST
4724,RGR
4725,WOW
4726,FFA.JO
4727,CET
4728,JUP.L
4729,RITES.NS
4730,TWI
4731,MTL.TO
4732,SA
4733,CCRN
4734,AMTB
4735,GBX
4736,FLGT
4737,RDWR
4738,KALPATPOWR.NS
4739,IGMS
4740,LXU
4741,SKYW
4742,AOI.TO
4743,OPK
4744,ASLE
4745,INDI
4746,KNSA
4747,WINA
4748,SII
4749,KWIPF
4750,MUM.F
4751,CENX
4752,FBMS
4753,PPH.NZ
4754,CERA.NS
4755,VRNOF
4756,TCL-A.TO
4757,CBD
4758,PWP
4759,NEXT
4760,MLAB
4761,CNOB
4762,SPLP
4763,S08.SI
4764,DCGO
4765,ARKO
4766,NBG6.F
4767,CNDT
4768,NWLI
4769,GDOT
4770,OSTK
4771,AMWD
4772,RIOT
4773,QRTEA
4774,GDYN
4775,FWRG
4776,IONQ
4777,BY
4778,PRDO
4779,WTTR
4780,IMAX
4781,PLYM
4782,BBDC
4783,BRSP
4784,WALD
4785,CLFD
4786,NCC-B.ST
4787,AMYT
4788,IMGN
4789,VALN
4790,CTS.TO
4791,PPGN.SW
4792,QNST
4793,IRS
4794,KNRCON.NS
4795,SHEN
4796,KAHOT.OL
4797,3632.T
4798,PWSA.KH
4799,ACRS
4800,HCCI
4801,HRT
4802,SSYS
4803,SYNT.L
4804,AEHR
4805,HOUS
4806,RTL
4807,WKME
4808,BA.BK
4809,ALBO
4810,1164.HK
4811,BLS.NS
4812,CHALET.NS
4813,603258.SS
4814,AVPT
4815,CEPU
4816,BALY
4817,RAPT
4818,BTAI
4819,HCSG
4820,NHC
4821,PLOW
4822,IHRT
4823,TSE
4824,LPG
4825,DAO
4826,RDFN
4827,SF.ST
4828,RWT
4829,SAVE.PA
4830,COLL
4831,RBCAA
4832,YEXT
4833,300518.SZ
4834,RSI
4835,NEXA
4836,EFC
4837,0440.HK
4838,1T5.F
4839,SHCR
4840,QCRH
4841,PRTC
4842,FFWM
4843,SYMPHONY.NS
4844,LVC.WA
4845,BBAR
4846,CRON
4847,INN
4848,RPT
4849,MCX.NS
4850,PFC
4851,NRS.OL
4852,SGH
4853,PERF
4854,IMOS
4855,SMP
4856,BHE
4857,INTR
4858,CCF
4859,WT
4860,020560.KS
4861,INVA
4862,CCO
4863,SLCA
4864,NX
4865,IIIV
4866,300052.SZ
4867,MAX
4868,JINDWORLD.NS
4869,HSKA
4870,GPRO
4871,ICPT
4872,NUTX
4873,KURA
4874,AVO
4875,HIBB
4876,PHAR
4877,RPAY
4878,MIRM
4879,CDRE
4880,WBX
4881,MAXN
4882,0797.HK
4883,019170.KS
4884,BGS
4885,TMST
4886,CAL
4887,STLTECH.NS
4888,MYE
4889,GOTU
4890,PEBO
4891,ASTL
4892,HWKN
4893,EB
4894,AKTIA.HE
4895,JRVR
4896,BCYC
4897,CRAI
4898,WLKP
4899,CJ.TO
4900,BSE.NS
4901,CVG.TO
4902,PDS
4903,ACCD
4904,SCHN
4905,AGRO
4906,ARCE
4907,HGS.NS
4908,IMXI
4909,IESC
4910,LANV
4911,JUVE.MI
4912,AOSL
4913,IDYA
4914,PTGX
4915,MRUS
4916,GSM
4917,DLX
4918,VRAY
4919,SANA
4920,NVAX
4921,BCSF
4922,CDNA
4923,DRW8.F
4924,NMM
4925,ITM.L
4926,UFPT
4927,CAPL
4928,PRAJIND.NS
4929,CSII
4930,PRLB
4931,MGIC
4932,NVTS
4933,TWOU
4934,SCS
4935,SLRC
4936,VTEX
4937,CBL
4938,VKTX
4939,BIGC
4940,MERC
4941,UVSP
4942,AC
4943,OSCR
4944,UTL
4945,PON1V.HE
4946,EH
4947,STKL
4948,PRVB
4949,THRY
4950,RICK
4951,AVXL
4952,AX-UN.TO
4953,CEL.TA
4954,P15.SI
4955,PRINCEPIPE.NS
4956,WTI
4957,SNPO
4958,LPI
4959,AMRN
4960,MYTE
4961,KIND
4962,ACEL
4963,PUBM
4964,EFXT
4965,EGLE
4966,ADV
4967,CBAY
4968,SLP
4969,DIC.DE
4970,TGI
4971,ADMA
4972,GRAPHITE.NS
4973,CEVA
4974,IDT
4975,BOO.L
4976,BXC
4977,PNT
4978,SILV
4979,SOUN
4980,COCO
4981,VTOL
4982,KARO
4983,THCH
4984,NETWORK18.NS
4985,ORGN
4986,TOKMAN.HE
4987,ALEC
4988,FIA1S.HE
4989,BDGI.TO
4990,TM17.L
4991,EDELWEISS.NS
4992,7200.SR
4993,EXFY
4994,SLIGR.AS
4995,AMBER.NS
4996,BBTC.NS
4997,122870.KQ
4998,SFTC.TO
4999,SLI
5000,CTBI
5001,MOV
5002,OPI
5003,SCSC
5004,GNK
5005,ANIP
5006,BJRI
5007,PGRU
5008,CINT
5009,ROCC
5010,UFCS
5011,GPRK
5012,NBCC.NS
5013,CANO
5014,HCAT
5015,BRN.AX
5016,SXC
5017,STAR
5018,BORORENEW.NS
5019,OFIX
5020,SKWD
5021,002425.SZ
5022,KSB.NS
5023,181710.KS
5024,OSK.TO
5025,CGBD
5026,AMCX
5027,ALP-PQ
5028,DX
5029,PGY
5030,0302.HK
5031,1119.HK
5032,CEATLTD.NS
5033,SPARC.NS
5034,VREX
5035,INGERRAND.NS
5036,WASH
5037,YSG
5038,YALA
5039,PFI.NZ
5040,0435.HK
5041,AERI
5042,UHT
5043,OSBC
5044,RCF.NS
5045,BLTE
5046,SP
5047,GMRE
5048,ACMR
5049,ENFN
5050,BASE
5051,ETD
5052,JANX
5053,BLX
5054,ETNB
5055,SCVL
5056,MMX
5057,INH.F
5058,HTBK
5059,TIMA.F
5060,SNBR
5061,REVG
5062,ANAB
5063,MAHLIFE.NS
5064,ESABINDIA.NS
5065,095660.KQ
5066,OLVAS.HE
5067,HSTM
5068,ROSE.SW
5069,SCWX
5070,272450.KS
5071,SLAM
5072,EHAB
5073,LYEL
5074,CWC.F
5075,ROVR
5076,GEM.AX
5077,ATNI
5078,VMEO
5079,NOEJ.F
5080,PBI
5081,OTCM
5082,AEDAS.MC
5083,BOC
5084,EDN
5085,ORIENTELEC.NS
5086,GRC
5087,LDI
5088,FOR
5089,HAFC
5090,AMBC
5091,ITOS
5092,003230.KS
5093,GIII
5094,AP4.SI
5095,HCKT
5096,GSBC
5097,QUESS.NS
5098,GTY.F
5099,VCSA
5100,MPLN
5101,ROVIO.HE
5102,VIH1.F
5103,FPI
5104,JBMA.NS
5105,PSTX
5106,MAPMYINDIA.NS
5107,BEML.NS
5108,BFC
5109,AMRX
5110,TA
5111,ZENSARTECH.NS
5112,TBPH
5113,VTRU
5114,FORR
5115,AGEN
5116,TXO
5117,SWSOLAR.NS
5118,RAIN.NS
5119,BIOX
5120,QSG
5121,NAT
5122,VHI
5123,MOR
5124,AMAL
5125,TRST
5126,NGD
5127,HBT
5128,MARA
5129,RMAX
5130,AMRK
5131,EGHT
5132,BRY
5133,DENN
5134,HBNC
5135,WPL.WA
5136,ALT
5137,EDIT
5138,NFBK
5139,CASS
5140,UBA
5141,GHLD
5142,192080.KS
5143,MBI
5144,IBULHSGFIN.NS
5145,KOP
5146,SRG
5147,CYH
5148,VSEC
5149,KELYA
5150,BBAI
5151,ASC
5152,DCO
5153,KAMN
5154,MCRB
5155,PGC
5156,HONE
5157,CTIC
5158,GPIL.NS
5159,WDO.TO
5160,WPS.L
5161,ERA.AX
5162,078340.KQ
5163,ECOM
5164,HAYN
5165,ASPN
5166,JOUT
5167,HZO
5168,CUTR
5169,KIRLFER.NS
5170,AMTD
5171,LWLG
5172,KRNY
5173,ATEX
5174,CLDT
5175,BBSI
5176,TILE
5177,GOOD
5178,NESR
5179,BAND
5180,FDMT
5181,BROG
5182,ARDX
5183,5211.KL
5184,INVZ
5185,DRD
5186,VIIA3.SA
5187,ADL.DE
5188,MCB
5189,LAND
5190,FC
5191,NNDM
5192,AZUL
5193,CATC
5194,OPRA
5195,DELTACORP.NS
5196,FLWS
5197,FMBH
5198,MRSN
5199,EBS
5200,DGL.NZ
5201,INDT
5202,ACHR
5203,AMOT
5204,PAHC
5205,VITL
5206,2501.TW
5207,ECEA.F
5208,KE
5209,300533.SZ
5210,IMTX
5211,HSC
5212,NFGC
5213,CHS
5214,TRNS
5215,LWSA3.SA
5216,BVH
5217,JUBLPHARMA.NS
5218,RELIGARE.NS
5219,NEGG
5220,DBI
5221,REPX
5222,CPF
5223,BV
5224,BLUE
5225,TRE.MC
5226,TRTX
5227,SRI
5228,EBIX
5229,RXT
5230,ACRE
5231,HIFS
5232,TRVG
5233,HSII
5234,TCI.NS
5235,YORW
5236,VINP
5237,MMTC.NS
5238,MULN
5239,CLW
5240,IAUX
5241,CARA
5242,AVD
5243,PLW.WA
5244,AVCT.L
5245,ICEAIR.IC
5246,CHRS
5247,ABST
5248,CION
5249,VLD
5250,GUJALKALI.NS
5251,YIT.HE
5252,LX
5253,CAC
5254,IONR
5255,NEU.WA
5256,FATE
5257,EXK
5258,TIGR
5259,WRLD
5260,MTLS
5261,LBC
5262,MASTEK.NS
5263,SUNTECK.NS
5264,SLGC
5265,BOE.AX
5266,TBI
5267,RGP
5268,SRRK
5269,AVTE
5270,SLDP
5271,VAIBHAVGBL.NS
5272,ACCO
5273,CLA-B.ST
5274,MESO
5275,3668.T
5276,ERAS
5277,PDSMFL.NS
5278,LEU
5279,NVX
5280,MCFT
5281,RBBN
5282,CHUY
5283,VPG
5284,5168.KL
5285,POLYPLEX.NS
5286,SIBN
5287,FFIC
5288,TIPT
5289,CLOV
5290,SGHT
5291,VVI
5292,112040.KQ
5293,SYRMA.NS
5294,ZYME
5295,TRMR
5296,IGTI3.SA
5297,REX
5298,HYLN
5299,HLVX
5300,ACES.JK
5301,ECN.TO
5302,EVC
5303,TURI.JK
5304,CRMT
5305,SAFARI.NS
5306,BLBD
5307,IIIN
5308,GCO
5309,HVT
5310,ZIL2.DE
5311,BW
5312,TREE
5313,DXPE
5314,MYPS
5315,SST
5316,ALLK
5317,CMBM
5318,LASR
5319,SUPRAJIT.NS
5320,PCBL.NS
5321,9990.HK
5322,RUTH
5323,CCBG
5324,AUDC
5325,NRGV
5326,ABS2.F
5327,NKTR
5328,ENGINERSIN.NS
5329,DWAC
5330,SD
5331,ALVR
5332,PACK
5333,TNP
5334,ACE.NS
5335,LIND
5336,KTKBANK.NS
5337,CVGW
5338,DM
5339,BLNK
5340,NTGR
5341,HA
5342,AMRS
5343,BRMK
5344,DHIL
5345,VRLLOG.NS
5346,ALTG
5347,SIM0.F
5348,KRUS
5349,INFIBEAM.NS
5350,VECT
5351,JSWHL.NS
5352,RELINFRA.NS
5353,MBWM
5354,ENENTO.HE
5355,MLTX
5356,SMMT
5357,TRST.L
5358,CIR
5359,VTNR
5360,FRPH
5361,INGN
5362,SMBC
5363,SVM
5364,OSPN
5365,SOHU
5366,FDC.NS
5367,TNGX
5368,SMRT
5369,NVTA
5370,AORT
5371,ARTNA
5372,PFLT
5373,RPOWER.NS
5374,HROW
5375,GTX
5376,ANORA.HE
5377,CSBBANK.NS
5378,OIS
5379,THFF
5380,CALT
5381,TPIC
5382,GMDCLTD.NS
5383,CERS
5384,SNDL
5385,MXCT
5386,CRLBF
5387,BH
5388,GHRS
5389,SMR
5390,AGX
5391,NRIX
5392,301011.SZ
5393,AMPX
5394,FARO
5395,NSTG
5396,API
5397,VARROC.NS
5398,OBE
5399,EVER
5400,VORB
5401,TK
5402,RBD.NZ
5403,RKFORGE.NS
5404,AVEO
5405,6180.TWO
5406,RPTX
5407,LND
5408,HY
5409,RWAY
5410,SBOW
5411,EOLS
5412,TRC
5413,PLCE
5414,CAN
5415,HMST
5416,SENS
5417,SMWB
5418,ECC
5419,DOYU
5420,ONL
5421,AROW
5422,AMSWA
5423,SRNE
5424,CCNE
5425,BFLY
5426,ZEUS
5427,NPK
5428,POWL
5429,TSVT
5430,WSR
5431,LEV
5432,HIKAL.NS
5433,263750.KQ
5434,SIGA
5435,BELFB
5436,EZPW
5437,ANGO
5438,OPY
5439,MCBS
5440,ARCT
5441,CNSL
5442,VLN
5443,SML.NZ
5444,DOMO
5445,BVB.F
5446,DGICA
5447,ONTF
5448,QTRX
5449,3694.T
5450,SI
5451,OLP
5452,QNBFL.IS
5453,ATLC
5454,SGMO
5455,HDSN
5456,SCHNEIDER.NS
5457,GAMI
5458,BOOM
5459,CECO
5460,ZUMZ
5461,AR4.DE
5462,BHG
5463,GREENLAM.NS
5464,AKUS
5465,SFIX
5466,RADA
5467,LAW
5468,MCS
5469,RL9A.F
5470,TRDA
5471,COOK
5472,FFIE
5473,MVST
5474,0799.HK
5475,FNKO
5476,069080.KQ
5477,NEWT
5478,FSBC
5479,EQBK
5480,TRSSF
5481,BCOM.TA
5482,TSP
5483,SWBI
5484,HEIDELBERG.NS
5485,DDI
5486,BMRC
5487,ZYXI
5488,MTW
5489,MOFG
5490,SKYT
5491,TATACOFFEE.NS
5492,6633.HK
5493,HEG.NS
5494,BKD
5495,IBEX
5496,PHAT
5497,SENEA
5498,EGY
5499,ABML
5500,GRRR
5501,SPANDANA.NS
5502,2753.TW
5503,CVEO
5504,BHIL
5505,TTI
5506,BIG
5507,VALU
5508,APEN
5509,WISH
5510,SOI
5511,LILM
5512,GEVO
5513,CMAX
5514,BLND
5515,GLOP
5516,ORRON.ST
5517,OLECTRA.NS
5518,GDL.NS
5519,RSVR
5520,AVDL
5521,NUVB
5522,BZH
5523,TGB
5524,GAIN
5525,BNGO
5526,MPX
5527,MIDHANI.NS
5528,ACRV
5529,BHB
5530,ATCX
5531,TRIN
5532,MVIS
5533,ONEW
5534,SLN
5535,DESP
5536,SMBK
5537,AAN
5538,SWIM
5539,AUTOAXLES.NS
5540,HUG.WA
5541,WSTCSTPAPR.NS
5542,MX
5543,TSAT
5544,SURYAROSNI.NS
5545,AO.L
5546,ATRA
5547,CSV
5548,PLPC
5549,6736.T
5550,HYZN
5551,LOCO
5552,RMR
5553,ITRN
5554,NAZARA.NS
5555,LXFR
5556,CVLG
5557,CYXT
5558,CMTL
5559,IRMD
5560,AKYA
5561,ATRO
5562,MITK
5563,KZR
5564,CHENNPETRO.NS
5565,LQDA
5566,2660.HK
5567,HAW.DE
5568,SSTI
5569,TPC
5570,SUPV
5571,CTO
5572,3026.KL
5573,METC
5574,SOUTHBANK.NS
5575,ANIK
5576,HTBI
5577,PGEN
5578,ABUS
5579,LXRX
5580,GBLI
5581,FUBO
5582,RYAM
5583,GLDD
5584,AARTIDRUGS.NS
5585,ARL
5586,ORC
5587,ICVX
5588,IMAB
5589,FCU.TO
5590,ANANTRAJ.NS
5591,EBTC
5592,BZUN
5593,RMNI
5594,T5N.F
5595,VIGL
5596,NEWP
5597,NREF
5598,XPER
5599,IPI
5600,ESPR
5601,NNOX
5602,MEKKO.HE
5603,BIRD
5604,LOVE
5605,SKE
5606,PROC
5607,CPSI
5608,DXLG
5609,VESUVIUS.NS
5610,PETS
5611,HCI
5612,PPAP.KH
5613,GCBC
5614,GHG
5615,300467.SZ
5616,VAXX
5617,SCWO
5618,PRPL
5619,TINPLATE.NS
5620,WVE
5621,EVTL
5622,NGM
5623,LQDT
5624,IFBIND.NS
5625,AZRN.AS
5626,GREENPANEL.NS
5627,0709.HK
5628,BWB
5629,NR
5630,SRDX
5631,VNDA
5632,DYL.AX
5633,MAYA.JK
5634,DMRC
5635,NOA
5636,AVNW
5637,298690.KS
5638,PFHD
5639,BRT
5640,TARS
5641,INO
5642,EGRX
5643,AGCNET.NS
5644,HIPO
5645,CO
5646,CNCE
5647,DJCO
5648,MOIL.NS
5649,DZSI
5650,TCI
5651,CMPS
5652,MCPHY.PA
5653,INSE
5654,NETI
5655,AURA
5656,TPB
5657,AIRS
5658,ALRS
5659,TG
5660,DSGN
5661,091810.KS
5662,KOD
5663,JMIA
5664,RGC
5665,PAG.F
5666,AUTL
5667,LGO
5668,FF
5669,OTS.VI
5670,JINDALPOLY.NS
5671,IGIC
5672,GLAD
5673,CDXS
5674,LYTS
5675,7803.T
5676,PEPG
5677,CSTR
5678,HT
5679,QUOT
5680,JCHAC.NS
5681,SB
5682,GNTY
5683,AR.TO
5684,DSKE
5685,LMDX
5686,BHR
5687,RBB
5688,NWPX
5689,0078.HK
5690,PFIS
5691,HOV
5692,AEVA
5693,FISI
5694,RCH.L
5695,3B7.F
5696,INDOCO.NS
5697,REI
5698,ALDX
5699,BRCC
5700,BARBEQUE.NS
5701,CIFR
5702,PRTS
5703,FEAM
5704,VOLTAMP.NS
5705,CIO
5706,ARLO
5707,ITDC.NS
5708,UIS
5709,CTLP
5710,GTHX
5711,FMAO
5712,MGTX
5713,SCPL
5714,AMNB
5715,MCBC
5716,KPTI
5717,OSUR
5718,STRO
5719,AVON.L
5720,DSX
5721,AXGN
5722,PMTS
5723,STOK
5724,TCNSBRANDS.NS
5725,DIB.MI
5726,TATASTLLP.NS
5727,0050.HK
5728,GOEV
5729,NILKAMAL.NS
5730,MAHLOG.NS
5731,PSTL
5732,SPNE
5733,ARP.ST
5734,CVRX
5735,HUT
5736,CURV
5737,PNNT
5738,DISHTV.NS
5739,RRBI
5740,NVEC
5741,KSCL.NS
5742,SMTI
5743,PNTG
5744,ALPN
5745,ORGO
5746,MHLD
5747,ADCT
5748,NGMS
5749,MRNS
5750,SPWH
5751,NL
5752,VOR
5753,SHRIPISTON.NS
5754,CASA
5755,TCX
5756,RBOT
5757,RTN.L
5758,NIU
5759,AMC.V
5760,PRCH
5761,JTEKTINDIA.NS
5762,CZNC
5763,RXST
5764,3798.HK
5765,AVIR
5766,BARK
5767,NFL.NS
5768,SHBI
5769,GCI
5770,ASTEC.NS
5771,HLTH
5772,CLAR
5773,WEAV
5774,ACET
5775,OZ
5776,CNTA
5777,HATHWAY.NS
5778,MARKSANS.NS
5779,KKCL.NS
5780,NBN
5781,SLQT
5782,LPTV
5783,PRTH
5784,CSW-A.TO
5785,PTC.NS
5786,ALFOC.PA
5787,CIVB
5788,PETQ
5789,GLUE
5790,11B.WA
5791,BBW
5792,POWERMECH.NS
5793,OOMA
5794,GLRE
5795,PAISALO.NS
5796,MIRZAINT.NS
5797,PMVP
5798,VEL
5799,PZA.TO
5800,REMEDY.HE
5801,STAR.NS
5802,FNLC
5803,NINE
5804,SFST
5805,0XD.F
5806,7844.T
5807,ALXO
5808,HBLPOWER.NS
5809,INOXWIND.NS
5810,RM
5811,BNR
5812,SMMF
5813,GWH
5814,GNE
5815,OTLK
5816,QD
5817,GBIO
5818,BWMX
5819,HBCP
5820,ADB.MI
5821,FET
5822,VMD
5823,VLGEA
5824,NN
5825,ACNB
5826,FLL
5827,UTMD
5828,WKHS
5829,DFLI
5830,6820.HK
5831,ANNX
5832,LUNG
5833,CABA
5834,GRVY
5835,BLDE
5836,VSTA
5837,MLR
5838,5478.TWO
5839,VERA
5840,GROY
5841,PHVS
5842,MASS
5843,VERU
5844,FRGE
5845,SKLZ
5846,GATO
5847,TMC
5848,GPMT
5849,SAR
5850,OMGA
5851,BKUH
5852,RAIN
5853,7552.T
5854,HRTX
5855,SIFY
5856,AFCG
5857,NATH
5858,YRD
5859,5983.KL
5860,SBT
5861,BSRR
5862,SOL
5863,AKTS
5864,RELL
5865,NMG
5866,TROO
5867,HQI
5868,TIG
5869,VUZI
5870,SLNA
5871,GRIN
5872,CPS
5873,SOND
5874,ATNM
5875,VYGR
5876,MMAT
5877,WW
5878,SUDARSCHEM.NS
5879,QIWI.ME
5880,OSG
5881,ARQQ
5882,ORIENTCEM.NS
5883,KNTE
5884,VERI
5885,ZFOX
5886,NRIM
5887,RDVT
5888,FHTX
5889,LUNA
5890,KRT
5891,EGAN
5892,MVBF
5893,WHF
5894,BBBY
5895,ITIC
5896,RANI
5897,OCUL
5898,GILT
5899,GTE
5900,SATL
5901,AMPY
5902,1301.T
5903,QSI
5904,HUMA
5905,OYST
5906,ACB
5907,UP
5908,FSP
5909,FBIZ
5910,ASTRAMICRO.NS
5911,3817.T
5912,GPP
5913,VLDR
5914,CDZI
5915,CVCY
5916,APLD
5917,ASA
5918,BCBP
5919,OBT
5920,OPRX
5921,BBLN
5922,TLS
5923,TUSK
5924,ARAY
5925,RIDE
5926,PCSB
5927,ATAI
5928,GABRIEL.NS
5929,EG7.ST
5930,PRLD
5931,VRCA
5932,GFG.DE
5933,NODK
5934,PKE
5935,SKIL
5936,M8G.DE
5937,LRMR
5938,SCM
5939,PANL
5940,GEO.MI
5941,RIGL
5942,UNTY
5943,JPASSOCIAT.NS
5944,OUST
5945,SEER
5946,CCHWF
5947,CLPR
5948,AFC.L
5949,TSBK
5950,KODK
5951,ETHOSLTD.NS
5952,CNTY
5953,NPAPER.ST
5954,LCFS.TO
5955,JILL
5956,HMPT
5957,SIYSIL.NS
5958,AADI
5959,RNGR
5960,NC
5961,HCC.NS
5962,MUX
5963,SOMANYCERA.NS
5964,GRWG
5965,UPLD
5966,CCCC
5967,NDLS
5968,AXTI
5969,LSEA
5970,SVRA
5971,MOZ.TO
5972,ANTX
5973,HONDAPOWER.NS
5974,CVGI
5975,NRDY
5976,RLGT
5977,1909.HK
5978,ADAP
5979,LE
5980,FXLV
5981,BSVN
5982,ZOM
5983,ZVIA
5984,LVOX
5985,DTC
5986,ASHOKA.NS
5987,SY
5988,CTV
5989,SMHI
5990,IPHA
5991,OPT
5992,ODC
5993,HNST
5994,ARVIND.NS
5995,STKS
5996,SELB
5997,REFI
5998,URG
5999,BCOV
6000,OCFT
6001,ZYE1.F
6002,EEX
6003,ABSI
6004,MPAA
6005,DBVT
6006,OCN
6007,SSBK
6008,NKTX
6009,OGI
6010,PINE
6011,TLYS
6012,CGNT
6013,BCML
6014,TCBX
6015,GULFOILLUB.NS
6016,TRUE
6017,KALV
6018,SKYX
6019,CAAS
6020,UONE
6021,SPICEJET.NS
6022,POWW
6023,PLM
6024,LNDC
6025,RLYB
6026,LSAK
6027,ELECTCAST.NS
6028,WRN
6029,LLAP
6030,HIVE
6031,PCF.WA
6032,EMUDHRA.NS
6033,RUPA.NS
6034,FCUV
6035,MYFW
6036,UROY
6037,SILC
6038,DC
6039,ORRF
6040,KBAL
6041,MLEC
6042,MSTCLTD.NS
6043,EU
6044,III
6045,SCPH
6046,PLBC
6047,MMFL.NS
6048,APX.AX
6049,PURVA.NS
6050,ISO.V
6051,LMNR
6052,NAUT
6053,WEYS
6054,WLDN
6055,TCMD
6056,HLLY
6057,VOXX
6058,3932.T
6059,FAA.DE
6060,GLSI
6061,VSTTILLERS.NS
6062,WABAG.NS
6063,6238.T
6064,DRTS
6065,HNRG
6066,COSMOFIRST.NS
6067,PFMT
6068,TGAN
6069,PKBK
6070,OCGN
6071,AGS
6072,PFOCUS.NS
6073,MOLN
6074,HSIL.NS
6075,OPRT
6076,CVLY
6077,EHTH
6078,SWKH
6079,ZIMV
6080,ARVL
6081,RENT
6082,RGCO
6083,GRTS
6084,CLSK
6085,LIAN
6086,BWFG
6087,ALTO
6088,RTNPOWER.NS
6089,APOLLOPIPE.NS
6090,SUNDARMHLD.NS
6091,INBK
6092,VATE
6093,INDIAGLYCO.NS
6094,ABOS
6095,LCTX
6096,HOFT
6097,CIAN
6098,FDEV.L
6099,KLTR
6100,APEI
6101,MKFG
6102,CANTABIL.NS
6103,PDSB
6104,CONFIPET.NS
6105,SEQUENT.NS
6106,FGBI
6107,NACLIND.NS
6108,RCEL
6109,KFS
6110,DNMR
6111,BZFD
6112,CIX
6113,FORCEMOT.NS
6114,UBS.VI
6115,XOMA
6116,THRN
6117,ABSP.JO
6118,SUBROS.NS
6119,CARERATING.NS
6120,RBT
6121,CWCO
6122,SDC
6123,TIMETECHNO.NS
6124,HFFG
6125,ACCELYA.NS
6126,FRGI
6127,VADILALIND.NS
6128,MPSLTD.NS
6129,5982.T
6130,DOMA
6131,CIGNITITEC.NS
6132,CONN
6133,AENZ
6134,IMMR
6135,ARBE
6136,ELLO
6137,JAGRAN.NS
6138,PDLB
6139,TCFC
6140,TEN.WA
6141,CMCL
6142,NACON.PA
6143,AHT
6144,HIL.NS
6145,QUAD
6146,JYNT
6147,ALERS.PA
6148,AZRE
6149,CDLX
6150,4393.T
6151,NEULANDLAB.NS
6152,ASRT
6153,GRPN
6154,NGL
6155,PPTA
6156,MBCN
6157,DHX
6158,AS.BK
6159,4165.T
6160,FILATEX.NS
6161,GALLISPAT.NS
6162,PBPB
6163,TBNK
6164,TELA
6165,MTRX
6166,ATLO
6167,MNSB
6168,PTMN
6169,EMX
6170,KAMUX.HE
6171,PRAX
6172,AGIL
6173,AVAH
6174,SPPI
6175,VZLA
6176,JISLDVREQS.NS
6177,EVBN
6178,GOSS
6179,ASUR
6180,DIBS
6181,XXII
6182,VIDHIING.NS
6183,QIPT
6184,GCT
6185,PCYO
6186,TCS
6187,WNEB
6188,DLTH
6189,BGFV
6190,BKSY
6191,ALEMBICLTD.NS
6192,CSTE
6193,INFU
6194,HINDOILEXP.NS
6195,LCNB
6196,VBNK
6197,CALB
6198,VABK
6199,LUMAXIND.NS
6200,TIDEWATER.NS
6201,GHL
6202,GATI.NS
6203,BITF
6204,GREENPLY.NS
6205,LTRPA
6206,MAPS
6207,EAR
6208,ESSA
6209,FMGOETZE.NS
6210,CTXR
6211,PRQR
6212,IMFA.NS
6213,ATOM
6214,ORIC
6215,AKBA
6216,ACIU
6217,IVVD
6218,RCKY
6219,AIP
6220,RROS.ST
6221,KINGFA.NS
6222,URGN
6223,TNPL.NS
6224,CFFI
6225,LMST
6226,ISTR
6227,IXHL
6228,AKA
6229,WENDT.NS
6230,BMN.AX
6231,ALCO
6232,AJX
6233,XAIR
6234,GNUS
6235,RAD
6236,TEXRAIL.NS
6237,KVHI
6238,SANGHIIND.NS
6239,PLTH.CN
6240,CATO
6241,2100.HK
6242,HIL
6243,INVE
6244,PLBY
6245,ASHIANA.NS
6246,KMDA
6247,HUHTAMAKI.NS
6248,CPTN
6249,HURC
6250,AOMR
6251,CCLP
6252,2497.T
6253,SHALBY.NS
6254,STRS
6255,SUNL
6256,OLMA
6257,BLZE
6258,HESTERBIO.NS
6259,SHANKARA.NS
6260,8Z3.F
6261,APTECHT.NS
6262,KMPH
6263,VIEW
6264,OPTN
6265,BCAB
6266,PKOH
6267,3903.T
6268,PEBK
6269,JAKK
6270,SAMG
6271,ITI
6272,OPAD
6273,YMAB
6274,KITT
6275,ACTG
6276,DEVO.L
6277,PWOD
6278,NOTV
6279,TETY.ST
6280,OLG.PA
6281,IVAC
6282,DBD
6283,GLT
6284,LTRX
6285,KNDI
6286,9467.T
6287,NATR
6288,REPCOHOME.NS
6289,PAYS
6290,AMER3.SA
6291,KRMD
6292,PRE
6293,ADW-A.TO
6294,DAKT
6295,OXSQ
6296,DMTK
6297,WPRT
6298,OPBK
6299,OMIC
6300,THRD
6301,SMSI
6302,CURO
6303,INEOSSTYRO.NS
6304,NELCO.NS
6305,BODY
6306,CISO
6307,IGPL.NS
6308,SANDHAR.NS
6309,DHAMPURSUG.NS
6310,TUP
6311,RPGLIFE.NS
6312,NVCT
6313,SPIC.NS
6314,SOPH
6315,CRMD
6316,MTNL.NS
6317,YELL
6318,STBX
6319,CASH3.SA
6320,INCR
6321,OVID
6322,ORP.PA
6323,GLYC
6324,ESCA
6325,UCL
6326,SAL
6327,VRA
6328,PEXIP.OL
6329,LL
6330,SASKEN.NS
6331,ALYA
6332,GTPL.NS
6333,SMLP
6334,ASXC
6335,LCUT
6336,INDORAMA.NS
6337,6111.TWO
6338,3793.T
6339,SPRU
6340,ZTEK
6341,BSET
6342,HWBK
6343,FOBK.F
6344,IMMP
6345,PSNL
6346,WMPN
6347,NTP
6348,AREN
6349,CTMX
6350,SRT
6351,TRHC
6352,CRNT
6353,EXCELINDUS.NS
6354,REAL
6355,MG
6356,SPOK
6357,EINC.TO
6358,OAL.NS
6359,JOAN
6360,UFI
6361,AFMD
6362,MICT
6363,AKLI
6364,KCP.NS
6365,PTRS
6366,RDW
6367,STERTOOLS.NS
6368,TDUP
6369,BATL
6370,PYR
6371,RANEHOLDIN.NS
6372,0547.HK
6373,TWIN
6374,7153.KL
6375,RVSB
6376,BGSF
6377,TCRT
6378,ALPS
6379,AGFS
6380,CAMP
6381,FATH
6382,MACK
6383,RMBI
6384,ARC
6385,PVBC
6386,GENC
6387,MRX.F
6388,WHEELS.NS
6389,IGARASHI.NS
6390,GRCL
6391,PEAR
6392,SUP
6393,CENN
6394,G5EN.ST
6395,ASTR
6396,GTLINFRA.NS
6397,SACH
6398,XERS
6399,QMCO
6400,PORT.JK
6401,PLG
6402,FOSECOIND.NS
6403,STIM
6404,IH
6405,RRGB
6406,CMRX
6407,CTSO
6408,PKP.WA
6409,4994.TW
6410,BBXIA
6411,VBIV
6412,AMTX
6413,XOS
6414,FNGR
6415,SMLR
6416,VRM
6417,RDCM
6418,ISSC
6419,FNWB
6420,VLTA
6421,ADTH
6422,MNMD
6423,ECBK
6424,KLXE
6425,TALK
6426,SPIR
6427,ANUP.NS
6428,APPH
6429,SQNS
6430,HEAR
6431,EYPT
6432,KITEX.NS
6433,4434.T
6434,RICOAUTO.NS
6435,ESEA
6436,FREE
6437,HNVR
6438,FREQ
6439,KUANTUM.NS
6440,SLDB
6441,MITT
6442,ADSE
6443,MRMD
6444,GRNA
6445,OFED
6446,LVLU
6447,GNS
6448,PRAKASH.NS
6449,KOPN
6450,PRPH
6451,KORE
6452,YTRA
6453,MLVF
6454,KULR
6455,FSTR
6456,OMAXE.NS
6457,CDXC
6458,GNLX
6459,BBIG
6460,LAZY
6461,ISBIR.IS
6462,PLY.AX
6463,NYXH
6464,FRBK
6465,BDSX
6466,3083.TWO
6467,OIIM
6468,GEOJITFSL.NS
6469,GHM
6470,GRPH
6471,BFIN
6472,RMBL
6473,SMLISUZU.NS
6474,ALLT
6475,BLI
6476,PEN.AX
6477,NUCLEUS.NS
6478,SATX
6479,RGTI
6480,MIST
6481,IUR.F
6482,ATHA
6483,PARAGMILK.NS
6484,WETG
6485,TRX
6486,RGF
6487,OPOF
6488,SKIPPER.NS
6489,1961.HK
6490,AURA.L
6491,PIRS
6492,PFS.NS
6493,TSQ
6494,CRJ.WA
6495,FLNT
6496,DTIL
6497,MYNA
6498,OVBC
6499,7106.KL
6500,VWE
6501,VSTM
6502,SRIPIPES.NS
6503,3656.T
6504,STAR-B.ST
6505,FONR
6506,LTCH
6507,SCTL
6508,BNED
6509,CIA
6510,REE
6511,BKKT
6512,SANG
6513,3546.TWO
6514,QBTS
6515,ANIX
6516,CAPACITE.NS
6517,NAK
6518,SONX
6519,MESA
6520,UNB
6521,XNET
6522,VXRT
6523,MNOV
6524,VFF
6525,SMFR
6526,SOLO
6527,BRG-B.ST
6528,USDP
6529,LFT
6530,KRON
6531,NOK.BK
6532,FINW
6533,CVM
6534,SESN
6535,CI7.F
6536,XBIT
6537,AREC
6538,RVLP
6539,PLSE
6540,PARKEN.CO
6541,MANGCHEFER.NS
6542,YJ
6543,POLL.JK
6544,APYX
6545,PCYG
6546,3662.T
6547,LIDR
6548,3911.T
6549,XFOR
6550,ISR
6551,WINE.L
6552,SYZ.TO
6553,MTNB
6554,PRTK
6555,CLLS
6556,RLMD
6557,SCOR
6558,DAVE
6559,LEE
6560,TOI
6561,THUNDR.ST
6562,ORIENTPPR.NS
6563,NAVKARCORP.NS
6564,EOSE
6565,IMPAL.NS
6566,SHIP
6567,AKU
6568,LAKE
6569,HITI
6570,TAST
6571,VLN.TO
6572,IDEX
6573,RDI
6574,BODALCHEM.NS
6575,UIHC
6576,PXLW
6577,SJ
6578,EMBK
6579,CELU
6580,GEPIL.NS
6581,FLXS
6582,PROV
6583,COFFEEDAY.NS
6584,REKR
6585,BYSI
6586,TIL
6587,PHUN
6588,AGE.AX
6589,INSG
6590,3904.T
6591,PRDS
6592,HPCO
6593,ARMP
6594,EARN
6595,CBAT
6596,IREN
6597,ASPS
6598,QUICKHEAL.NS
6599,LOOP
6600,TTCF
6601,CAPR
6602,DARE
6603,6BO.SG
6604,MMLP
6605,IMRX
6606,INDNIPPON.NS
6607,ATER
6608,MNK
6609,SLBEN.LS
6610,BTBT
6611,3723.T
6612,USAS
6613,PWFL
6614,BCLI
6615,GALT
6616,ALLD3.SA
6617,HYMC
6618,CMCM
6619,WHG
6620,ADN
6621,WULF
6622,BLISSGVS.NS
6623,MDV
6624,MYNZ
6625,ATOS
6626,NNBR
6627,VIOT
6628,ONCY
6629,ACHV
6630,3687.TWO
6631,BWEN
6632,ALDNE.PA
6633,4334.T
6634,MANGLMCEM.NS
6635,SPRO
6636,JZ
6637,4777.T
6638,VNCE
6639,ORN
6640,WRAP
6641,SNCR
6642,PET
6643,IFRX
6644,TMQ
6645,SOHO
6646,ARBK
6647,2630.TW
6648,1022.HK
6649,HOUR
6650,IMUX
6651,KGH.L
6652,EMAN
6653,LOCL
6654,FTK
6655,STRC
6656,ASM
6657,SYRS
6658,AYRWF
6659,GAN
6660,HIMATSEIDE.NS
6661,KOKUYOCMLN.NS
6662,FARM
6663,PED
6664,XLO
6665,SNDA
6666,HYFM
6667,APEX.NS
6668,CODX
6669,SLNG
6670,2138.T
6671,8737.T
6672,LYRA
6673,GROV
6674,LWAY
6675,PIXY
6676,BORG.ST
6677,3760.T
6678,EL8.AX
6679,SEV
6680,FBIO
6681,POL
6682,EXPR
6683,NCNA
6684,CLSD
6685,7060.T
6686,EBIXFOREX.NS
6687,SEEL
6688,ATIP
6689,USX
6690,ACR
6691,HHS
6692,ROOT
6693,BRAG
6694,DLA
6695,HLGN
6696,MNTS
6697,LGVN
6698,PLX
6699,KINZ
6700,AVRO
6701,SSL.MI
6702,GNPX
6703,NVCN
6704,JAYBARMARU.NS
6705,BSGM
6706,VIRX
6707,IOBT
6708,VRAR
6709,QUIK
6710,3IINFOLTD.NS
6711,NRXP
6712,LMPX
6713,CWEB.TO
6714,SPQ.AX
6715,KXIN
6716,LAM.TO
6717,SND
6718,CGEN
6719,2706.T
6720,SPENCERS.NS
6721,SLS
6722,GP
6723,NA
6724,GECC
6725,SPRB
6726,SNTI
6727,ALATA.PA
6728,GEOS
6729,GIFI
6730,VNTR
6731,CRIS
6732,4644.T
6733,WEJO
6734,NEOV
6735,VTVT
6736,RBL.NS
6737,RCAT
6738,FSY.TO
6739,DRTT
6740,ORTX
6741,TALS
6742,TNXP
6743,BRDS
6744,MGLD
6745,SUNW
6746,VGZ
6747,AQB
6748,RVP
6749,ADVM
6750,3758.T
6751,TSHA
6752,UBX
6753,AXDX
6754,CULP
6755,MDXH
6756,LOAN
6757,ENZ
6758,ADES
6759,KNW
6760,ASIANTILES.NS
6761,ASPI
6762,RAIL
6763,MOGO
6764,LIFE
6765,RGS
6766,APTO
6767,WATT
6768,RCOM.NS
6769,FAZE
6770,LRFC
6771,LTRN
6772,GRFX
6773,BLGO
6774,MGA.TO
6775,SYBX
6776,NHTC
6777,TLSA
6778,5PG.OL
6779,6542.TWO
6780,GAIA
6781,HEXO
6782,SNAL
6783,3086.TWO
6784,HEPA
6785,LPTX
6786,LPTH
6787,INDO
6788,XBC.TO
6789,OESX
6790,HRTG
6791,3912.T
6792,NCSM
6793,DPRO
6794,NLS
6795,RADIOCITY.NS
6796,PEPC.KH
6797,AUGX
6798,JNCE
6799,ZEV
6800,ZORDIX-B.ST
6801,SCP.LS
6802,ENOB
6803,ELVT
6804,POPR.V
6805,SNCE
6806,POG.L
6807,AESE
6808,NECLIFE.NS
6809,AACG
6810,AERC
6811,RPID
6812,UNITECH.NS
6813,EAGR.TO
6814,VTSI
6815,SFT
6816,BALAJITELE.NS
6817,RFL
6818,NM
6819,RWLK
6820,SPI
6821,SCYX
6822,LUCD
6823,EMKR
6824,OKYO
6825,NXTDIGITAL.NS
6826,0434.HK
6827,4175.T
6828,6899.HK
6829,NBIFIN.NS
6830,IDN
6831,KOSS
6832,CTM
6833,HZN
6834,TCRX
6835,MAIA
6836,3667.T
6837,SURF
6838,HMVL.NS
6839,MNPR
6840,IRNT
6841,WWR
6842,IMPP
6843,RENN
6844,LPCN
6845,CMBTN.IS
6846,INUV
6847,TXMD
6848,AQST
6849,OCX
6850,IZEA
6851,MAGI.ST
6852,TESS
6853,6933.HK
6854,BBT.WA
6855,BCS.WA
6856,KIRK
6857,ICI.AX
6858,3851.T
6859,NILE
6860,ZNOG
6861,ATXG
6862,HLBZ
6863,PAVM
6864,APTX
6865,AINC
6866,4728.T
6867,CMC.V
6868,LASE
6869,ABEO
6870,APRN
6871,FRSX
6872,PPSP.KH
6873,PRTY
6874,AUMN
6875,ATLX
6876,AUD
6877,MGAM
6878,APCX
6879,XPL
6880,IVR.AX
6881,3810.T
6882,COYA
6883,TRIB
6884,MEGL
6885,NYMX
6886,BMRA
6887,KAVL
6888,UAVS
6889,LODE
6890,CRVS
6891,UPH
6892,MEP.NS
6893,BBGI
6894,OWLT
6895,SOS
6896,SALM
6897,DSS
6898,SVE.V
6899,HARP
6900,REVRQ
6901,ATNX
6902,DERM
6903,GTI.KH
6904,USAU
6905,C0M.F
6906,TISI
6907,4174.T
6908,PXMD
6909,3935.T
6910,QNCX
6911,CGRN
6912,HUSA
6913,RNWK
6914,RAYA
6915,6860.HK
6916,PTN
6917,CHG
6918,OPTT
6919,TGL
6920,WTER
6921,SHPW
6922,8FE.SG
6923,CCEL
6924,CYN
6925,TOE.AX
6926,SMTS
6927,BIOR
6928,MSGM
6929,CEI
6930,ATHX
6931,SOBR
6932,TPHS
6933,VCNX
6934,PMD
6935,BNOX
6936,SCB.LS
6937,LCI
6938,GENE
6939,VTGN
6940,JEWL
6941,ACST
6942,ALBT
6943,BTCM
6944,NXTMH.HE
6945,BEAT
6946,AVYA
6947,SIOX
6948,AAU
6949,NH
6950,6482.TWO
6951,STSA
6952,CYCN
6953,LUMO
6954,BOXL
6955,LOV
6956,TMDI
6957,NCTY
6958,SKTAS.IS
6959,ASTI
6960,4198.T
6961,PPSI
6962,GREE
6963,VISL
6964,FCP.LS
6965,SOPA
6966,AIM
6967,DTEA
6968,APRE
6969,VINC
6970,AMV
6971,ANY
6972,FRAG.ST
6973,VERB
6974,VAPO
6975,KALA
6976,TBLT
6977,ONTX
6978,CORR
6979,CORZ
6980,MBOT
6981,OTRK
6982,MGOL
6983,RGLS
6984,3672.T
6985,ZYNE
6986,ECOR
6987,ZKIN
6988,3907.T
6989,SLGG
6990,RKLY
6991,AGE
6992,OG
6993,IMV
6994,3928.T
6995,PEV
6996,RVSN
6997,3624.T
6998,SNAX
6999,SEAC
7000,SGMA
7001,ZEELEARN.NS
7002,FAMI
7003,GOP.WA
7004,MITO
7005,ERNA
7006,GFAI
7007,4199.T
7008,0484.HK
7009,TRIRF
7010,ASST
7011,FRETAIL.NS
7012,RMTI
7013,HSCS
7014,HGEN
7015,CVKD
7016,MARK
7017,RAVE
7018,ACOR
7019,ART.WA
7020,9421.T
7021,EKSO
7022,PRPO
7023,ENDPQ
7024,ONVO
7025,FGI
7026,IGC
7027,COCP
7028,BFRI
7029,DLPN
7030,POLA
7031,APDN
7032,ALG.WA
7033,CRBP
7034,IMH
7035,SONM
7036,GMBL
7037,ULG.WA
7038,3664.T
7039,3064.TWO
7040,ASTC
7041,LUCY
7042,MRIN
7043,SIRC
7044,RDHL
7045,AVCT
7046,TPST
7047,WTRH
7048,6468.TWO
7049,CARV
7050,DEAL.V
7051,AFN.L
7052,MRAI
7053,SDIG
7054,2022.HK
7055,YCBD
7056,IINN
7057,DRCT
7058,LOTZ
7059,SIEN
7060,SNGX
7061,AEZS
7062,BIAF
7063,YTEN
7064,CFMS
7065,RUBY
7066,ITRM
7067,IDAI
7068,GIGM
7069,FRZA
7070,AIRI
7071,NNVC
7072,KINS
7073,OMI.V
7074,CEMI
7075,NITRO.ST
7076,3639.T
7077,CLXT
7078,GLMD
7079,DS
7080,HALL
7081,TGAMES.CO
7082,SGBX
7083,PEI
7084,OLB
7085,ACRX
7086,LIPO
7087,SCKT
7088,SWVL
7089,6169.TWO
7090,WHLR
7091,VINE
7092,VYNE
7093,1AE.AX
7094,ISPC
7095,BLPH
7096,CNTX
7097,CLSN
7098,APM
7099,TOPS
7100,NERV
7101,AUST
7102,HILS
7103,MF
7104,AHI
7105,XPON
7106,TTNP
7107,REBN
7108,PULM
7109,SREINFRA.NS
7110,FUV
7111,VRAX
7112,DFFN
7113,EVOK
7114,DGLY
7115,AEMD
7116,GTR.AX
7117,IMTE
7118,CANF
7119,1792.HK
7120,UTRS
7121,VVPR
7122,OGEN
7123,PSHG
7124,BIOL
7125,SIDU
7126,CLVS
7127,JUMPNET.NS
7128,ATNF
7129,FSC.NS
7130,GCOR.ST
7131,ALRN
7132,6626.TWO
7133,IBIO
7134,AYTU
7135,CING
7136,MKL.AX
7137,AVGR
7138,WHSI
7139,AGRX
7140,TTOO
7141,ADIL
7142,TRVN
7143,ONFO
7144,8267.HK
7145,ASNS
7146,ENSC
7147,EFOI
7148,VRVR
7149,AGFY
7150,SLHG.V
7151,HSDT
7152,GPL
7153,JAGX
7154,TGM.V
7155,BLBX
7156,QNRX
7157,VS
7158,EDBL
7159,BIOC
7160,SVRE
7161,SBR.AX
7162,NEPT
7163,JFBR
7164,GIF.WA
7165,CETX
7166,BREA
7167,PRFX
7168,NCPL
7169,NUZE
7170,RMED
7171,QIIWI.ST
7172,WEII.V
7173,SOZAP.ST
7174,XELA
7175,BKYI
7176,BNTC
7177,RKDA
7178,FTHW.V
7179,PIK
7180,PHIO
7181,VVD.WA
7182,8282.HK
7183,GMVD
7184,INPX
7185,LADYLU.ST
7186,GNLN
7187,GMGT
7188,TCDA
7189,AKAN
7190,TYDE
7191,BHAT
7192,PTPI
7193,STAF
7194,EVFM
7195,PTE
7196,YVR
7197,JAN
7198,HYRE
7199,OBLG
7200,NBRV
7201,OPGN
7202,HOTH
7203,SNOA
7204,HTGM
7205,EAST
7206,BVXV
7207,STRY
7208,NUWE
7209,MAN.WA
7210,KERN
7211,CNXA
7212,INKW
7213,AMPE
7214,PT
7215,PUN.WA
7216,BRSH
7217,CYTO
7218,GROM
7219,ADXS
7220,ATI.JO
7221,PHAS
7222,KSPN
7223,ZVO
7224,YGYI
7225,IENT
7226,CFRX
7227,TAPM
7228,TBL.WA
7229,TIVC
7230,VIP.AX
7231,PLAY.CN
7232,WBEV
7233,BXRX
7234,MOB
7235,SINT
7236,QTNT
7237,FRZT
7238,QNGY
7239,VIVE
7240,KUU.V
7241,CALA
7242,ALNAQ
7243,TRUL
7244,IFMK
7245,AHPI
7246,NBEVQ
7247,TEUM
7248,GNCA
7249,FNHC
7250,5486.T
7251,SNGS.ME
7252,MGNT.ME
7253,NLMK.ME
7254,PHOR.ME
7255,MTSS.ME
7256,GPCR
7257,NVTK.ME
7258,TATN.ME
7259,SBER.ME
7260,INTS
7261,PLZL.ME
7262,LKOH.ME
7263,ROSN.ME
7264,GAZP.ME
7265,RSTI.ME
7266,GMKN.ME
7267,CHMF.ME
7268,OZON.ME
